local-authority-code,public_sector_by_wpop,transport_by_wpop,pop_density,domestic_by_pop,industry_by_gdp,commerical_by_gdp,agriculture_by_gdp
GLA,0.0002154976299641257,0.0008180341485796584,5458.178571428572,0.0011088885461464,0.003369568987807082,0.008759756870060875,5.483895847475727e-05
WMCA,0.00018129754199522154,0.0009740068406806127,3259.3425720620844,0.0012020833962332644,0.018274039935590927,0.010512959500196005,0.00015358567713309138
GMCA,0.00017843351775806592,0.0009762155158191501,2233.9498039215687,0.0012633675829839624,0.016101671094643586,0.01148246958402418,0.00038780536697764013
WYCA,0.00015715579728354381,0.0010686277946109308,1155.2881773399015,0.0013438855644611186,0.022102660533859175,0.01213904444765798,0.0006012882884333726
KEN,0.0001498133277209471,0.0011541896844541894,448.37951467268624,0.001325719881131381,0.013679684954172698,0.010574719196237084,0.004627149124324671
LCR,0.0002393268886703908,0.0010593927593225043,2136.632513661202,0.00128368449314088,0.022060067002735124,0.014975107240161463,0.0003279864440099455
CPCA,0.00013371703096220735,0.00111832180200288,235.74731934731935,0.0007649277112851862,0.019062327876020725,0.010933215307434874,0.0021866673236323364
ESS,0.0001322198425997628,0.0014925485009944152,433.1286871023713,0.001386043314247502,0.013456142832706387,0.009585416810166973,0.0027625014880189674
SCR,0.00014897880596605786,0.0011165641523094827,911.7615979381443,0.0012883879568650496,0.030249295708936266,0.015943961510605693,0.0010579422906846299
HAM,0.00013510594429405487,0.0014110638262282659,377.7069059271343,0.0013646932681342845,0.012295567754140174,0.008214212286121294,0.0019267430129733512
LAN,0.00016096301866726502,0.001200470459667462,424.00691085003456,0.001452750572774496,0.03319325395297067,0.010299684384820878,0.004343053947535745
SRY,0.00020084473829208458,0.001315496852752052,721.5093205051112,0.001544412131101216,0.00729989893639175,0.007464845335961229,0.000945786861629032
HRT,0.00015672688610158004,0.0011603557295483537,727.7370663420572,0.0013848511780778158,0.009616433329377018,0.010883710797988055,0.0008189448219804675
NECA,0.00017870676616487272,0.0012474907114599883,453.124951342935,0.0014813805179371298,0.027312516141162074,0.008923879304460494,0.0017327000227816533
BIR,0.0002919087081101965,0.0012805240448204606,4255.690298507463,0.0011685120063953283,0.01673390929107152,0.010898151936803968,0.00011963058804629554
WECA,0.00021906408037843076,0.0009920380921827016,996.8929695697797,0.0011544515649967893,0.010595698886383896,0.008555701826602395,0.0009351580361400151
NFK,0.0001286523992438086,0.0016943679453241933,169.76950222882616,0.0014056293269761545,0.028964002004553343,0.01489911796398337,0.004906430750373699
STS,0.0001354160149301077,0.0014539256583751845,337.0885496183206,0.0013960393576045998,0.02786731598857435,0.013058350109424077,0.004973636755507506
WSX,0.00012615771614936047,0.00139257432872792,435.7785032646911,0.0013730700636457496,0.015049762129423178,0.009176524593662633,0.0032512596910016247
NTCA,0.00023268798660345651,0.0013319421222561538,160.98082454458293,0.0014497526019858738,0.020598810403798424,0.012074908213288412,0.0053001990247637755
NTT,0.00011384806262944778,0.0014834873923625447,399.7011990407674,0.0014428449478822273,0.03183141911968513,0.015684898766692323,0.0025931791129530984
DEV,0.00011762026984204296,0.0015684343933671531,123.50944546008532,0.0012728826298874527,0.01938847879459344,0.009993550695547014,0.012720514734548606
DBY,0.00012193431446172851,0.0014854380930002299,316.91519434628975,0.001457579587812669,0.042598478728672354,0.011329627744627202,0.005045908163243337
LDS,0.00022116095297279532,0.0011467725721897783,1447.0760869565217,0.0013148279817681947,0.012415687779286488,0.009422136782715815,0.00035316157798717104
LIN,0.00014779835133928485,0.0015538032987318163,129.0774802088597,0.0014153114133161392,0.023421882459975764,0.011621214149256664,0.008145006675460875
SFK,0.00013700633354520977,0.0015613771673839527,200.3278947368421,0.0013732753319013011,0.024300839933543084,0.016398902807074674,0.0034397936206334288
LEC,0.00013532878805090328,0.0014092925293914707,342.33557369179067,0.001413804094689939,0.03085563418596139,0.010020115027342088,0.0035770834312984713
OXF,0.0002705016333854209,0.0015186706742164862,267.51631477927066,0.001421412779539684,0.01976082883948375,0.01074494624235158,0.002823026846893391
TVCA,0.0001832469532655736,0.0014396203007543719,851.7861635220125,0.0014022485994944856,0.05441918813874224,0.012627137147948048,0.0014382907617934502
CAM,0.00024307852591732868,0.002029839380543718,215.7596848325673,0.0013872414264033226,0.02145352241117384,0.010515380457969565,0.002573580662181687
GLS,0.00019507503315155354,0.0013204266472719708,241.48134187712023,0.0013627156150287732,0.02180673469844364,0.0080150692300878,0.004717584667837933
GLG,0.00033614180115434,0.0005996350638298936,3632.2285714285713,0.0011251162141240787,0.010102572631784839,0.011367978008786273,7.39070370646195e-05
NYE,0.0002009820394083902,0.0018257285542995026,77.21911160880926,0.0016972732358957875,0.0366350363484605,0.014888230426724339,0.011838675357342876
WOR,0.00015870827620938465,0.0013372524857294954,343.5209649626651,0.0013685711619937338,0.02054887269326864,0.008452946096703797,0.003496169562795232
SHF,0.00018143159145885134,0.0009278374265268914,1601.125,0.0012231611295253418,0.02312478751698089,0.01061979478889112,0.0004154762999747546
WAR,0.00014443108164290138,0.0016487324990287029,295.5878481012658,0.0014047989039412132,0.02076394754171219,0.011021036211127998,0.0024033419706052973
CON,0.00011064431140300988,0.0014625133581903666,161.72045133991537,0.0012644641190704584,0.02302878373774686,0.015363906651628744,0.011226025689279847
SMT,0.0001487430264167287,0.0016139850400880829,163.4350724637681,0.0012991185166152603,0.0290761858661768,0.008585643722756324,0.010447284378411454
ESX,0.00013251053725530577,0.001289204467526428,327.0052662375658,0.0014001078437527665,0.011713896001264407,0.011848301830924654,0.004592709134494805
MAN,0.000333505110327384,0.0009295769353773675,4790.870689655172,0.0010321005519176884,0.005126191710098743,0.01031739971100657,2.142412081275039e-05
BUC,0.0001528920308755224,0.00117249909471075,349.5591054313099,0.0015685532308835582,0.00794770824428353,0.008271718398644547,0.0022327626323198646
BRD,0.00015304551737774097,0.0010544270105518753,1481.224043715847,0.0013267030926029553,0.02832806302330086,0.012270998784554496,0.000694109512077676
DUR,0.00017620395383140133,0.0011595861515526927,239.50988319856245,0.0015834226748935273,0.03042200617485551,0.009016238953774075,0.0039006448465360543
EDH,0.0003020387230264473,0.0009184693333118949,2006.1596958174905,0.001285412804266596,0.006261147049539054,0.009217852906645327,0.0002316939490966068
WIL,0.00020224688992959565,0.0015716197035740293,154.86021505376345,0.0013488710734632452,0.021091642439382146,0.010228872415408579,0.008176535917197447
LIV,0.00025817943200856627,0.0011154287320574545,4468.517857142857,0.0011525343209057113,0.012824043837578339,0.012197843013328429,8.881676290084224e-05
BST,0.0002673448773711534,0.000829772381503444,4235.145454545454,0.0010865968247213713,0.006346076178910087,0.00971739243590368,0.00010748407414165086
KIR,9.085505504150148e-05,0.0008928091241417631,1078.9486552567237,0.0013768053264595623,0.03229206963879359,0.016117158568822145,0.0010026006008839186
WNT,0.00015002939470394513,0.0017899375453516119,295.3761801016703,0.0013607812546479582,0.014173493286101716,0.012217487078107502,0.0027907762315283963
BNE,0.00019908476986022,0.0008854867732326902,4586.287356321839,0.0013172202928318363,0.003221959944232668,0.008793597548524861,0.0001222543387522065
BPC,0.0001402972062858858,0.0009817282978700664,2450.5493827160494,0.0012464076886612122,0.011352137402046244,0.00969283993469447,0.0001499008078136909
CRY,0.00015627968124838607,0.0008110535011590131,4518.174418604651,0.0012918847555500252,0.0032840809520662813,0.009049134377234343,7.016158386032743e-05
CHE,0.00015881068292053797,0.0015085771656143628,331.6183533447684,0.0016756053557717109,0.020867667001491723,0.010231401096112636,0.004052567836364346
DST,0.0001278677558141242,0.0016348880099034985,152.46527498996386,0.0013973795080809898,0.015130122546638888,0.010638526780946565,0.011640461460514225
COV,0.000226615333470787,0.00091519234565778,3832.191919191919,0.001053214012269818,0.015066759679511287,0.008510916034944051,0.00011445968968207025
FIF,0.00011861107493128918,0.001163338282990979,282.3622641509434,0.0015048791965832945,0.04946245870432729,0.00921873419881793,0.003998076707727492
CRF,0.00022738532711594125,0.0013695500140659285,2618.45390070922,0.0011992487074554824,0.0173074367228571,0.007554936410713748,0.00022184343303961797
NWM,9.622361775620396e-05,0.0007452688334084768,5458.178571428572,0.0007807379336504489,0.016252650740138465,0.021601603147769603,8.027306447316356e-06
LCE,0.0002002137625924128,0.0008718136707352959,4849.808219178082,0.0011277955610376478,0.028463782118817914,0.00971188431064828,0.00012756008797513372
WKF,0.00012699691511067787,0.0011472270523093919,1037.1445427728613,0.0013132815763929676,0.03225853307128197,0.019009849807660156,0.000673480790501335
NNT,8.168093603032719e-05,0.001895314154902295,355.06382978723406,0.001368448026886375,0.03717414197093185,0.011761926637173542,0.0021174555326121695
CHW,0.00019801688201246043,0.0015288678207041183,373.72065217391304,0.0015007845391858665,0.03708176762219309,0.014892318901536545,0.003812816701244618
ERY,0.00016137285178625902,0.0016111109760055611,142.7624792013311,0.001640195919954469,0.03625178338742955,0.014310554799776717,0.012436492124807892
BFS,0.000600853887234051,0.0006722950461160915,2482.31884057971,0.00173311567265192,0.019511154881212304,0.0061188819591520595,0.0006464590292758187
NLK,0.00016294846507705543,0.0011930532920586328,725.8297872340426,0.0013889122427398375,0.02330005258346188,0.011186930760508678,0.0009461801956456489
EAL,0.00013430391120130465,0.0008947259279041194,5458.178571428572,0.0011801169330071584,0.012246688814564779,0.011177680486619709,7.290586568030326e-05
NGM,0.00043146599785215433,0.0010057021378952137,4494.64,0.0010701805896026998,0.007300418039616919,0.009221132723376926,7.330775964138106e-05
ENF,0.00012340026464329346,0.0008942131198250187,4118.358024691358,0.0011617622888924059,0.008623063994119813,0.009608783456091428,0.0001853786224574973
BRY,0.00012338388893125152,0.0008895979677267678,2218.346666666667,0.0014719204364145222,0.003038484722246238,0.008393957226201784,0.00021239784566647458
TWH,0.0002814914461963747,0.0007951650904715565,5458.178571428572,0.0006422533729680256,0.0028503507361800308,0.009625997673218353,1.1187460245051997e-05
WGN,8.835500771419083e-05,0.0009301978433484916,1759.1063829787233,0.001283149052506707,0.031315774954093434,0.013972449724351532,0.0004341495911992388
WND,0.00025810096703139364,0.0006470869745310574,5458.178571428572,0.0011539528517672862,0.003497995102997028,0.010141789580900616,2.934052074832674e-05
SAW,0.00011902426471203379,0.0009806353738213507,3826.0697674418607,0.0011846730141260608,0.030222702366610756,0.014333372911339673,5.5559744672550614e-05
BEN,0.00026167231135286695,0.000685953743233057,5458.178571428572,0.0011154807487568739,0.010188769829644912,0.010353765993493884,2.1857969628028447e-05
SHR,0.00017260459158812964,0.0016493355803414505,101.78761338755083,0.0014311275954302588,0.024229624028554858,0.011865875956284095,0.019630466535124284
WRL,0.00010815384069345991,0.0009268940430557987,2014.5093167701864,0.0013731734370323692,0.02262305032861857,0.015438142151694978,0.0004719162653811377
NBL,0.00011150739909718533,0.0015785251669195068,69.83638211382114,0.0016543512197405449,0.04404995248430826,0.009152044465182543,0.01820337074744489
DUD,0.0001393987877128602,0.0009960397244717833,3289.418367346939,0.0012984600512409377,0.021812857621987168,0.008682860572977071,9.869348565702366e-05
LBH,0.00034278798925073027,0.0007036871904178185,5458.178571428572,0.0010693747326890799,0.0024289367942050516,0.007093699820347973,3.794142411694216e-05
SLK,0.00014313200470353912,0.0008686809009519612,181.04966139954854,0.0015287077017099191,0.016639541672395106,0.01006719990220383,0.005221548897480136
SWK,0.00036813552356359207,0.0007109823216444622,5458.178571428572,0.0008766488249697291,0.0014911569113397751,0.007481772568530764,1.9428890655042402e-05
DNC,0.00013835655374154574,0.0013359163459971115,550.6778169014085,0.0013303943366934918,0.0311730273705937,0.02079890225632265,0.0019205824742526767
HIL,0.00019105403959871563,0.001533506758959841,2663.9137931034484,0.0011521941651326246,0.0041188637089254,0.01177365128129595,0.00013506127999573253
NET,0.0004105596723307362,0.0011499338790232267,2715.2566371681414,0.0012398289322758742,0.006910889957133282,0.01292799177077078,0.00016681312998634577
RDB,0.00011459709834416087,0.0008557370814298212,5458.178571428572,0.0011370404252544716,0.004732493906109383,0.006928769368560829,7.365697193595022e-05
LEW,0.0001243799506784036,0.0007971460628339068,5458.178571428572,0.0010749873505758016,0.003528300554690448,0.012936817461881255,4.1756498219942005e-05
SKP,0.00011663072689399176,0.001075655794023962,2334.8968253968255,0.0014513267889268496,0.01559096720722684,0.00850855402219976,0.0020527525414938785
CBF,0.00010512537005253945,0.0012640910086888504,410.7486033519553,0.001337352484076461,0.020465795201267834,0.01105470793258028,0.0024359296012055084
BNH,0.00019088529236516158,0.0009010977366471712,3514.9156626506024,0.0011387282932968817,0.002515914377034264,0.007955999004717705,0.00018334014134668315
GRE,0.00017873327112958418,0.0009326638915755239,5458.178571428572,0.000990092121772442,0.006730687537175113,0.012517928796367105,3.675137156371536e-05
BOL,0.00014921312190742432,0.0011783355839155552,2058.9142857142856,0.00132463630996638,0.017412443249999562,0.010614543022204598,0.00034481547304367546
SGC,0.00013007448682387216,0.001226669446897732,579.1066398390342,0.0011806182327797332,0.016966197331366437,0.006985851964574923,0.001297784017965322
WLL,0.0001208031912175859,0.0008421156742168091,2756.8846153846152,0.0012303557513646732,0.02497602161394053,0.009056892768607902,0.0002576071708846754
HCK,0.00018797122706527814,0.0005105803132300622,5458.178571428572,0.0008828683681765285,0.002667671424838027,0.009308510690973201,1.112878150656034e-05
CMD,0.0007398501924374061,0.00048071910906034013,5458.178571428572,0.000861589037898632,0.0010142745874390804,0.006664521938191701,5.377387895710691e-05
MDW,9.716403842573096e-05,0.0007679197198672321,1438.8762886597938,0.0011929128345896046,0.01447618564323276,0.0048632581783568316,0.0005392396000358469
SND,0.0001710629322191963,0.001194195151768808,2028.0729927007299,0.0014090635924550526,0.025255499948091523,0.007626489702299189,0.00020551028815183787
WFT,0.00010092334995939845,0.0007137034122763743,5458.178571428572,0.0010446609501211374,0.007629142420479342,0.008756407796728006,4.985352928932238e-05
SFT,0.0004110673025436624,0.0008226290296496022,1757.3184713375797,0.0014492997406045979,0.01334417381752568,0.022195962807231365,0.0007524203962476742
CBD,0.00014336722511204927,0.0012279238166013544,91.10092961487383,0.001643617473840501,0.03664096536691304,0.014268230887902461,0.014264894514842115
HNS,0.0001668364639509445,0.0009955589444055962,4852.982142857143,0.0010800534690701697,0.0034228091756021025,0.00783832901469332,4.7554191659026614e-05
MIK,0.00016631383084336304,0.0012372182908385327,874.4433656957929,0.0012618548488078152,0.009042750432078361,0.008596070025156442,0.0005049596671328213
WSM,0.0006258055728440378,0.0009608934621430213,5458.178571428572,0.0009853684052676932,0.001488010082817207,0.008127987954513007,7.369850738427726e-05
HRY,9.180877916718269e-05,0.0006130304333967128,5458.178571428572,0.00113639141789681,0.006081788713816418,0.018552526767611915,2.4407865688677537e-05
ROT,0.00016194326327777548,0.0012140954426374973,923.2891986062717,0.0013346265594187205,0.04144253886972887,0.013310384475931818,0.0012461084344039045
WLV,0.0002059930939960304,0.0010032041279011926,3831.985507246377,0.0012567302418027611,0.021538557017869935,0.012595209134485448,9.149976116228438e-05
PLY,0.00017182854700624697,0.001047756997713214,3285.4875,0.0010552799802002516,0.019022092911025287,0.011322632549073517,0.00015574436626921483
SLF,0.0002592196934459021,0.001044655018725295,2708.216494845361,0.0011911685616894296,0.008594656562552221,0.011681044554284852,0.00014298783893913
ABD,8.93950481225191e-05,0.0019547105350800854,69.83638211382114,0.001792063860055172,0.020083962022288706,0.008297160637412376,0.015361030417552022
HAV,9.598189911544826e-05,0.0009167847348733793,2327.2410714285716,0.0012701462794242762,0.007247501567246047,0.008007189486418162,0.0002030022221726002
KHL,0.00020471329182524456,0.0012893749912682387,3598.972222222222,0.0012385164057900071,0.032423900810385875,0.013759834398442848,0.00011339601340448375
DER,0.0002599304799111079,0.001386824709612665,3292.4871794871797,0.0012521910905347723,0.017958168173301692,0.00941174802775667,0.0001281581298799332
STE,0.00021726598567757216,0.0011573256456995393,2759.3763440860216,0.0012850936620654205,0.05978449333545101,0.011669445321775728,0.00034835365870079435
STH,0.0002529470127920363,0.0007934817793610985,5057.44,0.0009743043867016646,0.008206760075635486,0.007605929886648632,5.386632044439679e-05
HRW,0.00010810475185322687,0.0006856495015164261,5046.76,0.0013193236973260006,0.0030331642484465937,0.006398402519884777,7.342947633075891e-05
ESK,7.936356299663445e-05,0.001376778739825772,198.5511498810468,0.0014239792232147877,0.03225035839612562,0.010760159777038088,0.0037089223568397087
BEX,7.171977348720313e-05,0.0009492411220519208,4086.901639344262,0.0012097268023203598,0.011341197523956223,0.014167953255601398,8.448520654889229e-05
ISL,0.00022043794637374817,0.00047049635576098614,5458.178571428572,0.0009111515100683396,0.0011800048094770664,0.00767269861231007,3.068878201294373e-06
BNS,7.144242265001129e-05,0.001184069510317473,754.0151975683891,0.0013409580052399792,0.037371245603697305,0.028493845201333134,0.0015596109648715827
SWA,0.00024200937631372465,0.0011018422997785366,652.2830687830688,0.001401521190154648,0.018164884199846923,0.01076807888221575,0.0018351983824842076
RCT,0.00014285349390097036,0.0013004441445235197,570.4551886792453,0.0014358441932386685,0.023874914328743734,0.011928836972218342,0.001537888992065403
OLD,0.00019368338908268629,0.000819288938626532,1673.4366197183099,0.0012474301788776845,0.019000450093660238,0.01124853302151994,0.0002869380051224112
TRF,7.966223286272968e-05,0.0010632168267351826,2241.311320754717,0.0014093667048923073,0.030666979776249808,0.01635224793785608,8.669023077532322e-05
HLD,0.00014577000314807816,0.0019351526173532788,69.83638211382114,0.001745474755418685,0.028843308850668402,0.007828088524127075,0.014316714782837853
ABE,0.00044833101002557445,0.00122355231209712,1231.505376344086,0.0014120369589152347,0.010960645547641559,0.010386578517140099,0.0005462403998047424
TAM,0.00014107314958630918,0.0007862427977769584,2205.019417475728,0.001303871819824299,0.02598405855542734,0.010413863867772991,0.0007639377641520766
WAF,0.00010119303820419749,0.0017136751750139873,69.83638211382114,0.0017545945250467515,0.06313098747587581,0.019888215682374425,0.018561211035143042
RCH,0.00011707428859809353,0.0008675568685092516,1415.5632911392406,0.001275960090759519,0.02684369488901392,0.011094261014507037,0.000552549506105384
SWD,0.00012759300888571517,0.0012587095041779403,969.0478260869565,0.0012146532815204476,0.012023277490404428,0.009023845008607772,0.0006291934594353809
SOL,0.0001322454714376725,0.0013371786695507077,1221.8370786516855,0.001417606405007954,0.010450585533485029,0.009481766110110841,0.0003644418279733588
ABC,5.731004150952035e-05,0.0018616399257589018,162.355754857997,0.001959880493825905,0.26418601821387117,0.0061122509186698655,0.017035651909499974
NSM,0.00010515911548732837,0.001218241091833061,576.4010695187166,0.0012870854122778996,0.026732128992071384,0.01006842525970552,0.003347339201437193
POR,0.0002269957379836614,0.0008364000370788068,5367.3,0.0010310738686270793,0.012990833122572692,0.012826851887701114,6.500196589910154e-05
BDG,8.976055730552299e-05,0.0008270396584008938,5458.178571428572,0.0009009564474871219,0.012737745789897502,0.010280432748730587,6.943211228966392e-05
LUT,0.00013551605038524716,0.0007305187425465825,4965.767441860465,0.0011399878405931212,0.010547823746584969,0.007695846931618819,5.0022047281719647e-05
CLD,0.00011441700158971145,0.0010460673362087066,580.8763736263736,0.001479900419587358,0.02809194604377791,0.008520129265464782,0.000981108071875103
YOR,0.00014085533153428484,0.0012378922285761517,775.7794117647059,0.0013057063055322599,0.012003910930466658,0.009856779650640269,0.0009580560283733762
WRT,9.768346534698345e-05,0.0011728766190309326,1156.889502762431,0.0013498135447803548,0.02638131848383838,0.009155462487372314,0.00030155006494352255
NTY,0.0001592713598084197,0.0012170193981767574,2547.2073170731705,0.0014409265592790516,0.019867384302764062,0.013861403079027699,0.00013151602792774847
STN,0.00013310339798832963,0.0008008380228645554,4720.613636363636,0.0012333281270880763,0.010361617663217065,0.008763626076608083,0.00011585753845806141
MRT,0.00010330093073829089,0.0007039307370129372,5432.973684210527,0.0012672711423542793,0.004675394734109193,0.013633551491966161,6.614994939625307e-05
PTE,0.00021271259760222863,0.001789077592849799,590.7463556851312,0.0012274867547296107,0.011736886418565863,0.012213255339161781,0.0010013555604176448
GAT,0.00021038979096919602,0.0017506514942856322,1422.1830985915492,0.0013947687402077733,0.029784119012328643,0.010063691449467324,0.0002442495897238881
RIC,0.00014648639121642648,0.0008711261107569864,3476.157894736842,0.0014470649403950763,0.0026984837300811255,0.0064100168151330315,8.288524485734653e-05
STT,0.00020578867028658846,0.0014755019774455947,963.0195121951219,0.0013674136168303392,0.0444023176829709,0.014072144964337998,0.0018561240980635352
COL,0.00019482194159053758,0.0014258714910757048,601.219512195122,0.0012516529097857721,0.011205440342595472,0.007851664889556093,0.001411456937397394
BAS,0.0002349547646254254,0.0010331031908684713,567.5057803468208,0.0012770854959416101,0.007988682686283114,0.008818710545847673,0.0027282539711209084
HEF,9.539055419720941e-05,0.0015731019271100755,88.81422018348624,0.0014275789065994642,0.03644340571481724,0.010688227732329152,0.018231293719473
BUR,0.00013147134450717084,0.0010795775208849285,1926.3434343434344,0.0013948600487329733,0.017080685698185948,0.011530846739611219,0.00041576034971050935
CMN,0.00010815301525462638,0.0016809881063366062,80.19957805907173,0.0017321129726515627,0.030810917580180723,0.006996812536244445,0.02820871437836836
CHA,0.00018262297225439856,0.0011690167411622123,675.326164874552,0.001304261207713831,0.03216689845856283,0.00983011516000917,0.003589769477690885
BAI,0.00016917584320756118,0.0013970172750147189,1705.0727272727272,0.0012361369676710608,0.01049564918820405,0.01490007219775268,0.00027428120763545156
WLN,0.000218339606840255,0.0011158001753902344,429.4859813084112,0.001409519420331514,0.02514730556590922,0.009895276778562972,0.0018697509178525194
HMF,0.00039230340911508934,0.0007442995770466592,5458.178571428572,0.0011816970838211727,0.001948795668311469,0.009588589220822768,1.0014851930955868e-05
SOS,0.00014955896792170434,0.0007149443483528983,4351.738095238095,0.0014016282956341272,0.01119887165207328,0.008412368844835313,0.00015361883408839056
CAY,7.052583680247095e-05,0.0011934501891715835,656.0685920577617,0.001411569933787209,0.03615741416107162,0.007380683295757346,0.0016954973292727011
NMD,4.3497248196559625e-05,0.002155681574669095,108.0077288941736,0.0018911778711819623,0.06796822412466734,0.01047076790575362,0.015560123689160656
TFW,0.0001906540208862028,0.0013489736464539523,625.248275862069,0.0012351545597139167,0.03546112927807869,0.008845015191360934,0.0014392933437890581
SHN,0.0003673885513915766,0.0009133876835844645,1331.5808823529412,0.0013196119729470136,0.055747299670496235,0.02521319398354052,0.0005979256687308435
NEW,4.392057856118977e-05,0.0019390966167462853,238.89494680851064,0.0014524280764487267,0.024088925165948613,0.0043896766083792345,0.0026945655695240606
CHL,0.00016366751879422401,0.0018333683878601341,529.6430678466077,0.0013838822041612154,0.011484725021352254,0.008124126793277116,0.001228310642589987
RFW,0.0001899979598640187,0.0011597280477634716,687.3180076628353,0.0013850590576409008,0.014443515929874863,0.013572876040182319,0.0018400678460616876
KTT,0.0001643916786979585,0.001145578268359846,4841.675675675676,0.001210178708744869,0.003209503834317889,0.009667396544896987,7.334142354819389e-05
HUN,0.00017206779062781913,0.0027600867592739685,197.55518763796908,0.001396528579224002,0.021439578708875858,0.006853179718552174,0.003068732685427877
BAN,0.00012622537425472537,0.0016108968869427782,280.37854889589903,0.0013912700789020787,0.011275566097695493,0.009500290242585767,0.0020110492820794297
WSK,0.00023028135213792777,0.001904922724071647,171.30628019323672,0.0013550590475360554,0.02195797423714732,0.035162478572004253,0.003000812924918819
THR,6.155959700070148e-05,0.001654220603241505,1070.310975609756,0.0011639353739469874,0.03574852104026314,0.015218060939287436,0.004241324308694353
BDF,0.00017997884396456535,0.001392031792549419,366.98949579831935,0.0013375694348383225,0.012440721108899887,0.01145908072516001,0.0017114807443604464
WOK,9.084091577894641e-05,0.0009366551217776525,971.7597765363129,0.0014304085756889978,0.0042448407103118,0.006963350770394743,0.00048729367204719353
MAI,0.00014547946259250478,0.0010409716299420453,440.5394402035623,0.0013258699681527296,0.014140130318089085,0.008304828200182825,0.0027408549751669997
NLN,6.860888768529069e-05,0.0015153110974363722,203.95277449822905,0.0014600008692925185,0.06543444117486429,0.007809698753141369,0.003368825591608294
CAT,0.00033393945147069335,0.00113264023428942,539.6828478964401,0.0012192427355894797,0.005539359047235047,0.011260705596315864,0.0022257582914348394
WEA,9.963382699434846e-05,0.0017527590996956844,195.3577430972389,0.0015616996947356875,0.01234829430934192,0.007906929709784793,0.00788911756406716
AND,0.00012948494655637367,0.0010671941462580311,286.31802120141344,0.0022080411557836984,0.029944133116598246,0.010079912884976864,0.006790906663879176
ARU,9.760419211391237e-05,0.001119379957030526,729.0633484162896,0.0013661170462736913,0.01533603517398995,0.011363128443753466,0.003391630265555961
SCA,0.00010161416285869866,0.002404123127497363,178.38580931263857,0.00147226131330398,0.021360984323628065,0.012577216015713419,0.00261875308096294
FAL,0.00018667963556526606,0.0011234859017747651,540.6060606060606,0.0014043813501656188,0.022606279282814,0.0069935746221279045,0.0018783774618092754
RDG,0.00022924445709584005,0.0006260644856620577,4008.425,0.0012165297159379513,0.0036191219320739734,0.008564892654250296,6.841728249614948e-05
NEL,0.00014247597612084765,0.00143016383744382,825.720207253886,0.0014207642126309195,0.09373302355892343,0.013338166349492142,0.0008847507543819121
WBK,0.00024088528796284328,0.0016222881937659362,225.09232954545453,0.001519498131246975,0.01498518555700707,0.00474645154594908,0.0017629093831457014
KEC,0.0003827142027814426,0.0008787983654297111,5458.178571428572,0.0014256819228499363,0.0038499729102395683,0.01852724491001461,0.00010305976189823865
FLN,6.033650563676013e-05,0.0019140882756599423,356.4704545454546,0.0015116455003978714,0.05591760522632177,0.01212101447378674,0.003685226330827888
NWP,0.00010176549309629516,0.0013116836628055352,823.4052631578948,0.001304192275051761,0.049199581069214744,0.011549738612926038,0.0014570428144527303
DAC,0.0001614303848450998,0.0011934531178585306,733.2877358490566,0.001399047906718034,0.007278294075254685,0.014161992417481773,0.0009515355296321233
BRA,9.104344617468199e-05,0.001812318554335043,250.1486928104575,0.0013734272112388194,0.020496829875195348,0.006249206073251566,0.0022559077725047188
KWL,0.00011949205791808336,0.0014651549499704408,1752.3218390804598,0.00123596600777495,0.03316186096614138,0.0061471289765588685,0.00039060193274168854
MSS,0.00012820038118695277,0.0015456897188043208,455.5149700598802,0.001425677252113788,0.012905624637031161,0.0081304770363082,0.0026168742956422823
PKN,0.00022864766278230572,0.002230528681970344,69.83638211382114,0.0016795412059493376,0.009244021074437258,0.009723230283018355,0.011660905128378309
CHR,0.00017627608556111842,0.001746188636633104,257.8030560271647,0.0014464079403660236,0.03571446911182588,0.009894941572378671,0.0027060696399693915
EHE,0.0001322792762182787,0.0015404320435669974,318.8781512605042,0.0014210464274953842,0.013157317065291389,0.012102924945888443,0.002656814961755095
OXO,0.000590125281512483,0.0007134698816308802,3295.304347826087,0.0011367100621330001,0.009702635748265223,0.012325324131329148,0.00011668231764464353
WNM,0.0001625995625145372,0.001237704301285836,767.8832487309645,0.0015593640005930741,0.003834463498274192,0.009225097805486427,0.00047123250112970634
KIN,8.500768271178899e-05,0.0021048595805844604,105.03125,0.0015187736192555526,0.07702696668752891,0.03850744016199453,0.006490077556573821
STY,0.00015925233675511582,0.000983225899647425,2361.453125,0.0013700914086809818,0.015218152002363218,0.010470955008913051,0.0003903049898169318
DRS,0.0002673174518382903,0.0015047219244142165,120.79056754596323,0.0019368898826423319,0.0766750302356605,0.0059037844344027235,0.011369375440592808
SWL,0.00010521752059745301,0.0012291400228810168,404.8659517426274,0.0012186260835162885,0.04486641701811423,0.012015599343463685,0.004066398870259206
GRT,0.00027858981108131863,0.001945858524479479,554.8044280442805,0.0014151613741461794,0.004811077476724517,0.008601970141048094,0.0008418297333106612
BBD,0.0001903834916064507,0.0007492926296063404,1095.109489051095,0.001330845923999956,0.031188191305666014,0.010802263115396159,0.0006312377340208994
SLG,0.00019789593669383858,0.0005391135807315973,4532.636363636364,0.0010060250497800816,0.0084848822531087,0.023107966602544938,5.389502293990733e-05
SAL,0.00011474213182145708,0.0011998525132515992,927.4347826086956,0.0015151150762714623,0.005738439207298805,0.009528359384605816,0.0008494514772791297
REI,0.00019860366729000764,0.0010700077723336332,1156.922480620155,0.0015191238284909916,0.008540747585946088,0.005796579279372618,0.0004259174838315066
MUL,4.144619491030167e-05,0.002332737554712064,81.35062807209175,0.0017975315252160343,0.06870195034957868,0.0031283648139399448,0.019591393434137586
DND,0.0004395607367065366,0.0011184478428941755,2480.3333333333335,0.0012947241884942796,0.009769202040607067,0.029858303725709672,0.000149496458269157
DGY,0.00011705805008923331,0.001630759977051292,69.83638211382114,0.0017064015042530392,0.03332116951205645,0.01308830218125583,0.037681800816664654
LAC,0.00023167115299852533,0.001168916361669004,261.23280423280426,0.0013466355275695392,0.022101192567677216,0.009035525059824407,0.007062143421393173
EDE,7.979995878572663e-05,0.0013774181910220726,181.9164619164619,0.0013383750300360994,0.010153272416878278,0.008561080018855149,0.009674346670192296
BGE,0.00010752324514472819,0.0011671589067781749,587.8047808764941,0.0013769260971582958,0.0425344728908381,0.008213885529651464,0.0017215360444644294
TEN,8.375540518725749e-05,0.0013752833268726988,438.55059523809524,0.001434516028405094,0.02537089205861524,0.012981160131624118,0.0035834281552069363
LBC,0.0003989483031040241,0.0013906193686424842,289.4308300395257,0.0020299222866483396,0.04272592609746164,0.007576443224842069,0.0037511314336510747
HOR,8.648191454671416e-05,0.0015949088809971929,274.4792452830189,0.0014770671705794669,0.018806843635854595,0.007260143903098412,0.005391851172612064
CCG,7.67183793632235e-05,0.0023069044365021524,72.98237663645519,0.002095201205689829,0.057049575859259044,0.010047774928317103,0.03006923492323559
WAW,0.00017097915929345354,0.001742440100838187,512.0459363957597,0.0013849953421786892,0.00786275320449121,0.007028314462420558,0.0008770745737539898
NTL,0.00011614957580457163,0.0010188506270955705,327.40589569161,0.0014396344673723639,0.07893730797870703,0.010201391644166145,0.0023370102968768725
PRE,0.0003193237173335879,0.0009869046795933027,1015.1197183098592,0.0013240914694300136,0.015495549044656958,0.015236746967528206,0.001359521522699019
SOX,0.00012805573614344112,0.001447235560826587,211.75552282768777,0.0015747478698537685,0.01561442643792273,0.012250622041165428,0.004901332143593457
ANN,0.0001606805474556349,0.0014454914521477486,251.76182136602452,0.002015550368737785,0.15063732230758545,0.0073376532877703305,0.006738058403219587
SKE,0.00010614963034235378,0.0018662292625449147,151.88229056203605,0.0014203700874425532,0.03150996784843069,0.013775741131081464,0.005810700914832598
SNO,0.00014159808120435273,0.002232618143600713,157.56167400881057,0.0014103446990099261,0.024443502379008893,0.007250789185174089,0.010384918716299475
IOW,0.0001600647092704597,0.0007221081746876946,374.46315789473687,0.0013482550010013763,0.025436027611073355,0.017732164234595227,0.004610930114143403
NOW,0.0002807701033292177,0.0007670417678950641,3645.5641025641025,0.0011674490264964928,0.011730716207251902,0.009681958184258465,0.00013765626752022334
ELI,9.111912432142449e-05,0.0016576794835330947,80.37917374080362,0.0015338997408900009,0.023524031660357343,0.016083891954071176,0.013021980982578597
THA,0.00010738383645916547,0.0008281077498476261,1360.173076923077,0.0012941647865821553,0.011173519121788829,0.013196562509138744,0.03988275624291843
MDB,0.00028527717265244953,0.0017616126511912067,2616.3888888888887,0.0013196704332432108,0.016351233492641018,0.007180533967227517,0.00029934839748603053
BRE,7.650900026739577e-05,0.0021046348937742696,108.24137931034483,0.001384852657126248,0.030115119440581997,0.0075870927276247245,0.006784016110320003
MEA,4.0646134164839954e-05,0.0016962993682969117,131.67422096317281,0.0020553303241402365,0.13971180710039346,0.004061908281639199,0.013845622384854046
BPL,0.0002480456180973529,0.0009150159857741134,3953.7428571428572,0.0014912415650014392,0.01023049307519927,0.013327040026768565,9.932437618052943e-05
VAL,0.0001843316142840734,0.0021800703256456273,238.59861591695503,0.0014288134505302797,0.018501015451895284,0.009876446136713223,0.0032336773428675823
STA,0.00022221895839591593,0.001578334219608268,230.53177257525084,0.0014387354798784911,0.014162146223758712,0.01019254130694156,0.007870017488476912
RCC,8.87065342335242e-05,0.0013122058871705153,560.1142857142858,0.0014707101048327725,0.14848633335373854,0.022669443727355264,0.001943354115523991
ELM,0.00015594424999329143,0.0014085217518384873,1444.3684210526317,0.001742723684915233,0.003195781480818356,0.00813567823527067,0.0003043805579132486
TOB,0.00019915243734682143,0.0009242727398662636,2162.190476190476,0.0012373109704187613,0.01169130145488361,0.020554079872720718,0.0006488654089341596
WRX,0.00011628697871822753,0.0014495920423408897,269.9503968253968,0.0013940333487855124,0.06673892876401251,0.020299417035644918,0.01996189748112225
IPS,0.00017986085731910398,0.0007156415694954619,3399.475,0.001196388887489569,0.0076890820913460365,0.0068359120458690095,0.00015993470898464972
EAT,9.932183120944546e-05,0.0008220447608930252,1694.0,0.0012206759719986997,0.011369126858743252,0.007736651674205337,0.00133061650154424
VGL,0.00019045078876864718,0.0013287697840464318,408.7462235649547,0.0014048830892754256,0.029860600312853505,0.010203928186228157,0.006671932719196201
TEI,8.064986114962617e-05,0.0021188076344635085,200.3545994065282,0.00126130093463208,0.029596847537105744,0.008352592727900836,0.0068608520092453325
NAY,0.00011504275664925596,0.0009679664875157427,151.6949152542373,0.001461004128127828,0.07699025409452105,0.04289939562684319,0.005421226651414256
NHE,8.594967234392729e-05,0.0014006651166884455,355.90133333333335,0.0013968387739910885,0.018166963165663103,0.007090819175559987,0.0016861806522164428
EXE,0.0003509758959551132,0.0005275201663800982,2836.872340425532,0.0009693639929026759,0.007113590148876428,0.008710050738797607,0.001286755533702898
POW,8.541312579245445e-05,0.0020313165172182873,69.83638211382114,0.00182901206776053,0.027329593772174476,0.0077559982340100675,0.043631670731556396
TON,0.00011138962039122018,0.0012324274369042356,552.3791666666667,0.001352662093188206,0.010957198936486773,0.008081758286426214,0.0013399606665631758
STR,0.0001969833762753895,0.0019016161791899357,135.38036809815952,0.0015630693120122637,0.02075626044079406,0.0119907187445559,0.00514666705195147
EPP,0.00010886170997804807,0.0011994382909025418,389.8967551622419,0.0015460870472342675,0.005177565641586257,0.009255439614182915,0.011530923095655315
BRO,6.787268193828674e-05,0.001588186173340823,239.0054347826087,0.0014572076502864682,0.016641537256499063,0.012486957512175422,0.002273229558929492
WYC,0.0002022333249304668,0.001615124100190104,197.4156626506024,0.0013999067855410055,0.034882401658349424,0.012327166188145396,0.0069613525387874665
ASF,0.00018559510978636082,0.001136812463057941,225.50430292598966,0.0013654004343238255,0.016641876898513205,0.009290391971525954,0.003708221040899018
NUN,0.00012471105399183924,0.0010649666525244885,1650.2911392405063,0.0012893898004575292,0.01653812290494512,0.009597655370765892,0.00043211712152372
HAL,9.138846647348485e-05,0.0014049099425288488,1642.5189873417721,0.0012196286327285483,0.02636189465344898,0.016180679517817494,0.00020431421516897954
GLO,0.0002142241126697987,0.000769867927707378,3163.6341463414633,0.00116268103977599,0.02354163949758843,0.012006509800402892,0.00014994246477561334
NEC,0.00011920799001277253,0.001341880293500489,614.2654028436019,0.0013424806557046662,0.03212116752050085,0.012829835047824761,0.0034322488931739985
AMB,9.931596242173468e-05,0.0014089530042680762,486.14716981132074,0.001478927640722885,0.04103421409336866,0.012486062254684897,0.003691641391214933
ASH,0.00020808297477192757,0.0009939494060791883,1166.7,0.0013410024406346288,0.02603607799515206,0.009598070808768653,0.000568374374126535
TES,0.0001652634492348567,0.0020154992938216714,202.4888535031847,0.0014485435759365726,0.017569215336184774,0.012433078205756195,0.004458181677032441
PEM,4.8226246639943056e-05,0.0014357771459176376,78.3380716934487,0.00171425338859035,0.041954302606369925,0.021305206525270123,0.02599796906760223
WAE,0.00021336382992158105,0.0016718120584422584,366.8289855072464,0.001701027441996109,0.00501795008984335,0.007453544304704242,0.002118680528249449
HAA,8.531815502514375e-05,0.0009269850285602536,2256.0535714285716,0.0012514413005369144,0.012020150597626122,0.0062088044550639,0.00033051511156058843
WIN,0.00025826194140875577,0.0017328776477437678,190.50680786686837,0.0014727346741687049,0.0070782803315503455,0.007175420184262329,0.0029621657873790067
GWN,0.00020072386738854557,0.0015902136855793498,69.83638211382114,0.001586392654989469,0.021963305169523023,0.009441485531937239,0.015481877789468652
CAB,0.0007652501586596888,0.0006527025861103253,3050.317073170732,0.001229371483190587,0.003437682066942801,0.011502263067572006,0.0003687164456681557
BRC,0.0001950490914093499,0.0009820200519747638,1139.1284403669724,0.0012746437293809504,0.002505411177765089,0.012337355708951725,0.0005488198235228455
WEW,0.00024951607125505673,0.0010009361934576312,953.0230769230769,0.0012683462726117004,0.01112116366193338,0.013056329483456771,0.00044317554183645073
EHA,0.00012056073441162107,0.0020195849252141623,240.92996108949416,0.0015510810139463809,0.014607373318519124,0.0075574987343737035,0.003538614063456925
NEA,4.228834613080854e-05,0.002499619110587597,189.13517665130567,0.0015056689429631923,0.06022957323760334,0.009139365236224332,0.005671362480314728
EAY,0.00016090057598213588,0.0013990223533598097,96.35499207606973,0.0015237310344071904,0.02787425751105536,0.008704038384869021,0.020409981471919858
CHI,0.00022669127950727844,0.0020404544249105973,154.59033078880407,0.0016173772765157445,0.02994896434677748,0.00980187834605444,0.011402138740646571
RUS,0.00016005889673383208,0.0017715246946914073,296.86063569682153,0.0015130415145856633,0.010220429001143732,0.028188102978305027,0.003267639430243678
SEV,0.00011823901780989064,0.0011614593048983165,328.9620596205962,0.001627436898928584,0.00654252409647441,0.005637070764513163,0.0020538553512115952
EST,0.0001584330004407768,0.0016035467289963175,312.4625322997416,0.001354988698800942,0.02995847680915291,0.019057667284520498,0.004401074296049992
STO,0.0001840994760733411,0.0012345719969165275,262.26247288503254,0.001407591672412458,0.026982343555484668,0.005261840029070678,0.008866768293638059
TUN,0.00016118497702967782,0.0011570419160079916,359.3323262839879,0.001493736011217958,0.0052875641636768245,0.011005856039126913,0.0035643948316181366
CHO,0.0001834776107019095,0.0009672669891367796,585.5665024630542,0.0014292126398853266,0.021420369920437794,0.009033939918903314,0.0027039122008429917
DOV,7.984228142177262e-05,0.0011200803015963211,376.2349206349206,0.001286176257788157,0.012977157609989482,0.018648734835757033,0.0028145134196697285
BAE,7.195231296377879e-05,0.0022785048462014533,185.39184952978056,0.0014455247840260543,0.04643522377263677,0.007761012659498138,0.004857753702515577
GED,0.0001181773996340837,0.0007865856652833162,985.325,0.001474870821165196,0.03308806889698208,0.015573320787311305,0.0014173881875604267
CWY,0.00013905829825575571,0.0017137994200617616,104.95914742451154,0.0015125617670499762,0.01001403965878303,0.012436046651642304,0.008113074312303832
NKE,0.0002195378151378125,0.0016430737719431226,128.14425162689804,0.0014220855648836924,0.019068880444920742,0.006976679151461458,0.010202019014997635
FMO,8.693045371346626e-05,0.003023004753819641,69.83638211382114,0.0020610813493021816,0.047237958448609195,0.0041737857539256365,0.03589824792377766
FAR,0.00012316602888546855,0.0009139385002609083,1572.1351351351352,0.0012649765408773567,0.012855144225857023,0.007642688631837742,0.0005389885125054274
CHT,0.00043306432144413703,0.0006876174228026854,2469.0,0.0013361921683341658,0.008660978635758054,0.00765885288624916,0.00032498045391076005
ANS,0.00014105023967985212,0.0016253672915307624,69.83638211382114,0.0016158809946644197,0.033655089926470025,0.011445580377207115,0.012904615566791856
ERE,0.00016499980143142403,0.000999445838570178,1048.4727272727273,0.0013815128737883684,0.030875692438056056,0.011416094383557077,0.0013741297357351232
SCB,0.00013491651918808319,0.0017009327884257696,69.83638211382114,0.001751513208533765,0.030383806497162377,0.008144127339544782,0.031726884257167264
BRT,9.543711939115527e-05,0.001071314154880879,1432.8375,0.001376246948365575,0.024329808604708836,0.02258276352108089,0.0006900233638049004
WLA,0.00021188546322229468,0.0012352910957331691,329.9596541786743,0.0014844756651978142,0.03862362724584575,0.00926277181744591,0.015403326005047364
DAR,0.00010245674252675515,0.001582131758585145,1562.3424657534247,0.0011922603955227282,0.006968312681642509,0.011313294282756745,0.00030641645017978635
HIN,6.238210727098349e-05,0.0013207985301809434,382.71380471380473,0.001438750065066089,0.026450235030198208,0.010964370112754513,0.0029708827187279207
SHE,0.00022135554113876174,0.0010282930840478136,317.42296918767505,0.0013489894788055153,0.010244319529087777,0.009661314850706874,0.003019846409525716
WYR,7.655851703736082e-05,0.001144711201695119,400.9468085106383,0.0015262288813848888,0.051051943354525134,0.017092697872283718,0.005772231277367109
CRW,0.00010263564344160028,0.0012958339510356956,2499.4222222222224,0.001129082360792553,0.010370802612015987,0.012878616737765037,7.078502911058621e-05
SST,0.0001755825377214699,0.0015005352338211251,276.09090909090907,0.0014044864819002677,0.04393710887553706,0.008273207044168337,0.006310921833328998
SAY,0.00011795482381555423,0.001551417554368347,91.76759410801964,0.0016104328523314935,0.03781390868003028,0.014098949254991142,0.011340037666743437
WOX,0.0002545994589437671,0.001577416553410963,156.52380952380952,0.0015672055552934168,0.023086153783631064,0.007544214053182327,0.0056785708770716505
SRI,6.001909219436564e-05,0.0011961090518572022,983.0619469026549,0.0013929145558585871,0.047175733188110636,0.008155667811920847,0.0010735035363376884
WOT,0.00014181364908779829,0.0007140681896565952,3355.3636363636365,0.001243659127173339,0.007878671072453007,0.003923172877583094,0.00011092541698844516
RUG,0.00011883236869854567,0.0016988760139374037,315.24216524216524,0.0013617295294137512,0.0368161173268074,0.016972053503906438,0.0033112600110814377
SDE,0.00011586089332983605,0.0022211036939377028,324.0118343195266,0.0013318739164037583,0.029808333008062623,0.007592239129859401,0.006767986407748479
MAS,9.245179412729002e-05,0.0009197315047808631,1420.142857142857,0.0014459733701905303,0.022699658663721492,0.01700024093328978,0.0006462484938072152
EDU,0.00012865551045089212,0.000933659743515633,625.0,0.0016114731667317267,0.010925373426238689,0.01586490186676252,0.0016523779783901562
ELN,0.00021084874361997183,0.0015231792772583729,158.9101620029455,0.0014702030750101396,0.026470411636157636,0.009032097738651775,0.005980200195298819
DAL,0.00016948351721211976,0.0012350979182781325,545.1878172588832,0.001505949484322216,0.038803717891259436,0.007625868841217565,0.0018450521712946315
GRA,6.799236853587274e-05,0.0013243495119290652,1079.6969696969697,0.0012345867573912263,0.031818935738543004,0.015766914607253484,0.0013036796233822062
LIF,0.00015506719679516772,0.002163080474141527,319.1450151057402,0.0014769894824338118,0.01933168533080566,0.008445430910573154,0.0034162074879852
HER,0.00017791016272569418,0.0010708634614751702,1044.2673267326732,0.0015273534339452378,0.011282592156182228,0.009241624111132902,0.00035474674324589026
NNO,0.00011949250323123931,0.001720294852915368,108.86853002070393,0.001599788139798273,0.031934570933980236,0.01646626290307538,0.010013909290400148
CHS,0.0001923648003685714,0.000989662921341247,1589.8484848484848,0.0013656624395172313,0.021968830562686684,0.015934599846007442,0.0004944741977793846
MSU,0.00012993008686136066,0.002097586867473784,120.38691159586682,0.0014187701290966628,0.03488595830625673,0.009018812343065558,0.00583640018922646
NWL,0.0002505151389024774,0.002360837879482078,375.6594982078853,0.0014326731282252136,0.0617026335347329,0.011025906163632233,0.002085742088704363
LEE,0.0001142035658786612,0.0014081500396512425,354.53767123287673,0.0013692924524322098,0.01016134725967118,0.007770907099490598,0.003939915662275463
EAS,0.0002611056813911325,0.0007165148865583447,2348.2727272727275,0.0011733052219110955,0.004882221528688351,0.014397023926700689,0.0003898282456757743
NED,8.756562646112688e-05,0.00135554371860706,370.3478260869565,0.0014845214238811237,0.03560785830476936,0.008551318781258678,0.0039752619262732655
FEN,7.518373259591656e-05,0.0015591909655284601,186.95970695970695,0.0013981156077055655,0.07696243299566502,0.012676388637529786,0.0048593462295926605
BLA,6.792300831710321e-05,0.0010611642403838327,784.2307692307693,0.0013959081947239437,0.009908681376007823,0.00836846411354815,0.001036890825902434
CAN,6.440883510382295e-05,0.0008478278144778815,1284.607594936709,0.0013403427932160805,0.026516481922320447,0.010678769210085435,0.00045437839695235376
WYE,0.00011158382350975569,0.0011913548194633955,518.6615384615385,0.0013502041809541425,0.030216575843317793,0.012269329637144466,0.002419313757142434
BRM,0.00013306527018708844,0.0015508488418709584,463.4516129032258,0.0014793423914046429,0.0074360580274153935,0.006393935690409498,0.0018600620014791443
WOC,0.0002572144235148054,0.0008791877879504478,3038.3333333333335,0.0012096867625532694,0.011164263530321784,0.006999772813022627,0.0001694877609777108
LIC,0.0003506071568198679,0.0005804076995619229,2779.1388888888887,0.001181585466719912,0.011384651562448412,0.011639583923810204,0.00015338625138456612
WOI,0.00012528998907000043,0.0008595636309006433,1562.625,0.0014387344255812871,0.023654085474893883,0.011148487940387414,0.00036032139811598043
SPE,0.00013007083001109805,0.0009619319042319129,2219.4,0.0013482091759735115,0.0065579331399484905,0.0069996685218791125,0.0001930382045555687
GRY,0.00012329828820294823,0.0011508499122222645,570.1034482758621,0.0013228410806309407,0.01079037643034967,0.011366653426816383,0.001739315787644242
STF,7.675312786007184e-05,0.001500657099545067,170.88020833333334,0.0015317722511785069,0.04776659764439514,0.027041259522537223,0.013970020762864493
NDE,0.00010752580935635383,0.0015953924842538006,90.39594843462247,0.0013305436677106507,0.024282439536464195,0.008578820017084625,0.021858441707881347
HAT,0.000196007493110625,0.001120911390142335,453.9906976744186,0.001525586736584855,0.00605419094671523,0.011571701654519925,0.0016028669758183715
BRX,6.969200895735464e-05,0.001154978963253457,1913.5686274509803,0.0012749258732070742,0.015323967178083589,0.01244103715985065,0.0006188749654852156
ROH,6.263728188286617e-05,0.001568946401290448,190.01178781925344,0.001566609937350897,0.02597256655676676,0.022871591549363145,0.009880587544971025
DEN,0.0002394068890349011,0.0014899778395021763,115.48864994026285,0.001565432622619331,0.022008334908673318,0.008867451081656324,0.010843358367760299
TEW,8.306282286841902e-05,0.0016647333659367061,233.3913043478261,0.001276861469479454,0.026550454759187582,0.009965548525570035,0.0050789398937875685
WAT,0.00017674837293973967,0.0007864392622652969,4601.0952380952385,0.001246220404180683,0.00284199497466435,0.009435297310183602,3.444790429200455e-05
WLI,0.00013044108110763677,0.0018774290104188885,83.20588235294117,0.0015084451751989226,0.030017388658616105,0.009254958705998339,0.013601549622091038
ERW,0.0001483684978537805,0.0010154796938255909,552.0689655172414,0.0015773890150604937,0.0037340811497729495,0.01052245428029599,0.003807632173769576
SHO,4.8320651301854725e-05,0.001628241765272087,127.80933333333333,0.0014301464597872072,0.029178812594507247,0.01261929851707663,0.011089000724850199
MRY,0.00030400502598060746,0.0013765628040279445,69.83638211382114,0.0016343325660336657,0.09093157681923582,0.012405362499131732,0.016786996689177908
HAO,9.048772911538157e-05,0.0015200712102434986,161.38006756756758,0.0015300241603483156,0.012201061351354877,0.01133225559447918,0.008430008320170997
MON,0.00010692703139177033,0.0020307122294466714,112.08951707891637,0.0015847237001103572,0.024942557588982915,0.01770397023754743,0.01404029082514875
TOF,0.00015457548383198067,0.0013188263713711517,752.6349206349206,0.0013448443779750618,0.04212783664201641,0.017079669045608883,0.0010213160491267799
RUH,0.00019374027643775585,0.0010410282572704363,2420.1794871794873,0.0012247776202145362,0.006383930125876154,0.007495142932867389,7.522772814950777e-05
STG,0.00016648209839571348,0.0016767650828936381,69.83638211382114,0.0015406088268871596,0.04716797612649321,0.00919019427202428,0.007136631908494058
THE,0.00019076537014929952,0.0010039790539093055,1055.7977528089887,0.001553471401379698,0.0037755694031399076,0.006044658106324213,0.0004764773955964292
HPL,0.00013621074544870848,0.0012997435381880396,998.2553191489362,0.0013810587126126307,0.06916280010424763,0.01436334165128665,0.0010046064178748212
MLN,0.00018383559816657932,0.0012702134321907648,263.135593220339,0.0014087642097808013,0.014532953584367878,0.01358546991431952,0.004957575956283789
UTT,0.00018301348458027946,0.0023068996138121464,144.70982839313572,0.0015043856949115378,0.009223417905877855,0.011115899239890384,0.0034744527235111844
BAB,5.946306244271735e-05,0.0020367541895885397,156.1195286195286,0.0014791392683421748,0.03206834163605669,0.007960353688792436,0.00835764475301377
HIG,0.00010899586886738712,0.0014106025000251217,171.860853432282,0.001554106951789014,0.13274166363540546,0.012808597679758211,0.00614788792129209
HAS,0.00014024928432808707,0.000688123812849203,3085.133333333333,0.0012296622046144145,0.008317510774466593,0.010805338316933855,0.00023524921407820732
PEN,8.004706123360644e-05,0.001131630091343974,545.2366863905326,0.0014671696534492875,0.032200805657559395,0.007687316882832414,0.002832355637028854
CAS,8.098797901577431e-05,0.0010728188562010087,2011.6444444444444,0.0014391323577800878,0.014010708400877389,0.01125131754173569,0.0004961271306838964
RUN,0.0003895959435709954,0.0012032485736373944,1158.0384615384614,0.0013455663455136289,0.002107529793994626,0.004779797539581193,0.001652309643168335
COT,0.00011858868056980376,0.0026217765013410352,77.47982832618025,0.0016780034088579416,0.012497921379528414,0.006905798415264461,0.007308465118687312
ECA,0.00010230742098420787,0.002355279317831544,138.51305683563749,0.001423742239862142,0.022179495506181746,0.008990056587984912,0.005557955662418849
BUN,0.0001959076711373875,0.0011519412119348797,804.9009009009009,0.001435165586892838,0.021654972106909066,0.015239404770374314,0.00082852289130995
SUR,0.0001648817031860927,0.001331241795756385,938.9894736842106,0.0015796770982210166,0.013312733558055859,0.008987111759320895,0.00048350874808035597
TAN,0.0001432711616470205,0.0012657608414647296,357.0241935483871,0.0016738873678324756,0.006902724124869471,0.009357146202435536,0.0033083940444133863
WDU,0.00038807564465832687,0.0012584840192453352,555.5974842767296,0.0013311826328072458,0.014128632374005403,0.009856403954664035,0.001562553718476085
STV,0.0002512237247761492,0.0009303107532273147,3388.6153846153848,0.001145713824137844,0.014269408607399878,0.01861500032876873,7.27430799003939e-05
SHA,3.30977779821948e-05,0.002025030573555405,99.14994363021421,0.0014414857535531016,0.018331732245117586,0.02077981889988186,0.014276358835828272
ROC,7.632924867888291e-05,0.0010521113116913367,524.7125748502993,0.00141728117834887,0.01184730408292801,0.010096184207272981,0.0021120002132823494
MOL,0.0002002567577994999,0.0015256542187060006,339.32945736434107,0.0017293655323563206,0.009081070162954695,0.006915572923049897,0.0013884462192904447
HAR,0.0001573620646498911,0.0008690011034517862,2815.483870967742,0.0012108761463187137,0.02424423077986913,0.01138265929677951,0.0001322490538427137
FOE,6.825641669932173e-05,0.0013719982887137128,165.60266159695817,0.001402149054565747,0.04537672820827309,0.0050057799141088296,0.008390526220298223
RED,0.00010799861268935928,0.0009371946753958107,1584.5925925925926,0.0012472931297010177,0.023914147982367653,0.0067254861781744744,0.0005996045616879445
AGB,0.0001790597580255647,0.0016947527543523069,69.83638211382114,0.001696226613945041,0.021631347913869458,0.01419949762175791,0.016711138481092267
GOS,0.00015243908675251257,0.0006899529368859365,3387.16,0.0010705532409856849,0.016834781831316804,0.011746992055514069,0.00022037115030951957
MDE,5.889110360448333e-05,0.0016057772511652703,91.22672508214677,0.0012655709970002646,0.03842751129800943,0.010332744280481442,0.022243088209867593
BOS,0.00010107140138781353,0.0011176803860890514,508.15625,0.0014491483175076909,0.031288862891015914,0.009464961402548142,0.0028537307080629733
FYL,0.0001573944585892394,0.0014774713049013077,489.22289156626505,0.0016305724107702028,0.027913128495683264,0.0055416369014122295,0.002269098765207722
HYN,8.750470978253363e-05,0.001168975099736111,1111.4109589041095,0.0014094727219362334,0.04195151852434346,0.011360521942702363,0.001179820407347883
EPS,0.000190404942667476,0.0008173835633970816,2382.4411764705883,0.0014641500894797788,0.0020306607001572786,0.006283413719241648,0.0002354852223000298
MAV,0.00010964262873242931,0.001803112553137019,137.68630849220105,0.0015311733449478303,0.019562990856434346,0.006054649050087124,0.010384451137005427
BRW,0.00012751070899971634,0.0021987200910855774,504.8496732026144,0.0016322223989197113,0.0077045530182334445,0.004466213182964043,0.00168598201023015
IVC,0.0001977634385951194,0.0012315503164001466,481.625,0.001449584637134423,0.022323073506103745,0.010046366983195592,0.01620670896967206
TAW,5.399558033434089e-05,0.0008819803388220946,2479.483870967742,0.001250479869695736,0.017946134183187374,0.00752159125114369,0.00015368696099496933
CGN,0.00011878232592343748,0.001715771442307312,69.83638211382114,0.0019081959054638388,0.02225796431750553,0.008900444964809566,0.04363711287750472
DEB,8.920603887049306e-05,0.002693200378100876,91.4419191919192,0.0017119819109118859,0.046542786651521596,0.012542759885824914,0.01804338463865953
ROS,8.268940895328925e-05,0.001632539020517094,517.6231884057971,0.0015317308705306003,0.059984369085679154,0.008499163874696536,0.0019656618302860544
BOT,9.692122145653519e-05,0.0013879262718141925,194.60714285714286,0.0013395861872386007,0.021180643248464654,0.009206824859926879,0.005863141759942619
AGY,0.00015954244617174336,0.0014747906981878256,98.93258426966293,0.001762205933611264,0.02303953459499057,0.013631037261958086,0.02618444328828293
BGW,8.152285098589951e-05,0.0009796355117385313,642.3853211009174,0.001509014732823046,0.07516287210548125,0.009025448543352285,0.0003199075025726255
TOR,5.260212567049748e-05,0.0013933562233298907,69.83638211382114,0.0013314097211558269,0.025357821789864086,0.007535560973381143,0.037724618804646344
NWA,5.672073594105597e-05,0.001839657078294811,230.46478873239437,0.0014311732408898838,0.03579247363072426,0.013122967123967943,0.0016787534563773316
MAL,4.549587542547258e-05,0.0010567036992441949,182.68435754189943,0.0014838058990862164,0.03684763990381929,0.007759245975046293,0.005916672981971197
ADU,9.597648253725004e-05,0.001231387594212331,1528.2619047619048,0.0012184270650345368,0.013134467495125923,0.009562717599890021,0.001038761599973032
RIB,7.151409893296296e-05,0.001404377223685334,106.39108061749572,0.0017016611369495903,0.05347325188453413,0.004930978521995986,0.011515444114352843
MTY,0.0001268013364442902,0.0009368585680386083,544.3603603603603,0.001477663059510817,0.04006705110783806,0.010117408575105154,0.0013366113503098735
OAD,0.00012004838759800088,0.0005770846808847252,2388.0416666666665,0.0014137707744742425,0.025088397655117993,0.009258654046865293,0.0003694659933949727
WDE,5.212187963456239e-05,0.0020038754820901816,69.83638211382114,0.0014231066217285941,0.04684308823572777,0.008181467728802832,0.03818616458578875
MEL,6.43955060949568e-05,0.0012947406138844025,106.84823284823285,0.001541242310399308,0.04077849102004557,0.008627021663900438,0.010473558059556801
CLK,0.00010687296710100833,0.0007920562076121769,322.57861635220127,0.0014500521214422836,0.059224940204786865,0.08325302839148993,0.003542963734822099
RUT,0.00021155968044019158,0.001762577557144174,105.95811518324608,0.0015986530970371472,0.0710838196370615,0.014733643077541244,0.009631255271436372
ELS,4.576055822719471e-05,0.0005282606549865471,69.83638211382114,0.0021438828367028252,0.020484315944654885,0.006830752358273625,0.015936704668896056
ZET,4.1928845411693934e-05,0.0005630946307283216,69.83638211382114,0.0014897998153477216,0.023251706333195392,0.004441346628749316,0.02221103608369571
ORK,3.434159709282882e-05,0.00037381690030741094,69.83638211382114,0.0016234367387898483,0.011927119918206603,0.006020301567761547,0.05419542548604594
LND,0.000725155688613028,0.0007386140532225613,3646.0,0.0009353487032603871,0.0006365715795320568,0.004766938476155261,8.546513666619525e-06
IOS,1.8328574716496335e-06,3.466422661527722e-05,139.125,0.0009891712454226692,0.003367529572331961,0.01746329359552527,0.0027546918213548054
