local-authority-code,public_sector_by_wpop,transport_by_wpop,pop_density,domestic_by_pop,industry_by_gdp,commerical_by_gdp,agriculture_by_gdp,label,desc
GLA,0.0002154976299641,0.0008180341485796,5458.178571428572,0.0011088885461464,0.003369568987807,0.0087597568700608,5.483895847475727e-05,Public sector,"Well above average public sector (government, education, health), below average in other areas."
WMCA,0.0001812975419952,0.0009740068406806,3259.3425720620844,0.0012020833962332,0.0182740399355909,0.010512959500196,0.000153585677133,Urban Mainstream,Below average for all emissions scores
GMCA,0.000178433517758,0.0009762155158191,2233.9498039215687,0.0012633675829839,0.0161016710946435,0.0114824695840241,0.0003878053669776,Urban Mainstream,Below average for all emissions scores
WYCA,0.0001571557972835,0.0010686277946109,1155.2881773399015,0.0013438855644611,0.0221026605338591,0.0121390444476579,0.0006012882884333,Urban Mainstream,Below average for all emissions scores
KEN,0.0001498133277209,0.0011541896844541,448.37951467268624,0.0013257198811313,0.0136796849541726,0.010574719196237,0.0046271491243246,Urban Mainstream,Below average for all emissions scores
LCR,0.0002393268886703,0.0010593927593225,2136.632513661202,0.0012836844931408,0.0220600670027351,0.0149751072401614,0.0003279864440099,Urban Mainstream,Below average for all emissions scores
CPCA,0.0001337170309622,0.0011183218020028,235.74731934731932,0.0007649277112851,0.0190623278760207,0.0109332153074348,0.0021866673236323,Urban Mainstream,Below average for all emissions scores
ESS,0.0001322198425997,0.0014925485009944,433.1286871023713,0.0013860433142475,0.0134561428327063,0.0095854168101669,0.0027625014880189,Transport/Domestic,Above average transport/domestic score
SCR,0.000148978805966,0.0011165641523094,911.7615979381444,0.001288387956865,0.0302492957089362,0.0159439615106056,0.0010579422906846,Urban Mainstream,Below average for all emissions scores
HAM,0.000135105944294,0.0014110638262282,377.7069059271343,0.0013646932681342,0.0122955677541401,0.0082142122861212,0.0019267430129733,Urban Mainstream,Below average for all emissions scores
LAN,0.0001609630186672,0.0012004704596674,424.00691085003456,0.0014527505727744,0.0331932539529706,0.0102996843848208,0.0043430539475357,Urban Mainstream,Below average for all emissions scores
SRY,0.000200844738292,0.001315496852752,721.5093205051112,0.0015444121311012,0.0072998989363917,0.0074648453359612,0.000945786861629,Urban Mainstream,Below average for all emissions scores
HRT,0.0001567268861015,0.0011603557295483,727.7370663420572,0.0013848511780778,0.009616433329377,0.010883710797988,0.0008189448219804,Urban Mainstream,Below average for all emissions scores
NECA,0.0001787067661648,0.0012474907114599,453.124951342935,0.0014813805179371,0.027312516141162,0.0089238793044604,0.0017327000227816,Urban Mainstream,Below average for all emissions scores
BIR,0.0002919087081101,0.0012805240448204,4255.690298507463,0.0011685120063953,0.0167339092910715,0.0108981519368039,0.0001196305880462,Public sector,"Well above average public sector (government, education, health), below average in other areas."
WECA,0.0002190640803784,0.0009920380921827,996.8929695697796,0.0011544515649967,0.0105956988863838,0.0085557018266023,0.00093515803614,Urban Mainstream,Below average for all emissions scores
NFK,0.0001286523992438,0.0016943679453241,169.76950222882616,0.0014056293269761,0.0289640020045533,0.0148991179639833,0.0049064307503736,Transport/Domestic,Above average transport/domestic score
STS,0.0001354160149301,0.0014539256583751,337.0885496183206,0.0013960393576045,0.0278673159885743,0.013058350109424,0.0049736367555075,Transport/Domestic,Above average transport/domestic score
WSX,0.0001261577161493,0.0013925743287279,435.7785032646911,0.0013730700636457,0.0150497621294231,0.0091765245936626,0.0032512596910016,Urban Mainstream,Below average for all emissions scores
NTCA,0.0002326879866034,0.0013319421222561,160.98082454458293,0.0014497526019858,0.0205988104037984,0.0120749082132884,0.0053001990247637,Transport/Domestic,Above average transport/domestic score
NTT,0.0001138480626294,0.0014834873923625,399.7011990407674,0.0014428449478822,0.0318314191196851,0.0156848987666923,0.002593179112953,Transport/Domestic,Above average transport/domestic score
YNYC,0.0001857257608564,0.001676573627225,100.0868937296907,0.0015979188163279,0.0295806466865159,0.0134472157050234,0.0087224503693541,Transport/Domestic,Above average transport/domestic score
DEV,0.000117620269842,0.0015684343933671,123.50944546008532,0.0012728826298874,0.0193884787945934,0.009993550695547,0.0127205147345486,Transport/Domestic,Above average transport/domestic score
DBY,0.0001219343144617,0.0014854380930002,316.9151943462897,0.0014575795878126,0.0425984787286723,0.0113296277446272,0.0050459081632433,Transport/Domestic,Above average transport/domestic score
LDS,0.0002211609529727,0.0011467725721897,1447.0760869565215,0.0013148279817681,0.0124156877792864,0.0094221367827158,0.0003531615779871,Urban Mainstream,Below average for all emissions scores
LIN,0.0001477983513392,0.0015538032987318,129.0774802088597,0.0014153114133161,0.0234218824599757,0.0116212141492566,0.0081450066754608,Transport/Domestic,Above average transport/domestic score
SFK,0.0001370063335452,0.0015613771673839,200.3278947368421,0.0013732753319013,0.024300839933543,0.0163989028070746,0.0034397936206334,Transport/Domestic,Above average transport/domestic score
LEC,0.0001353287880509,0.0014092925293914,342.33557369179067,0.0014138040946899,0.0308556341859613,0.010020115027342,0.0035770834312984,Transport/Domestic,Above average transport/domestic score
OXF,0.0002705016333854,0.0015186706742164,267.51631477927066,0.0014214127795396,0.0197608288394837,0.0107449462423515,0.0028230268468933,Transport/Domestic,Above average transport/domestic score
TVCA,0.0001832469532655,0.0014396203007543,851.7861635220125,0.0014022485994944,0.0544191881387422,0.012627137147948,0.0014382907617934,Transport/Domestic,Above average transport/domestic score
CAM,0.0002430785259173,0.0020298393805437,215.7596848325673,0.0013872414264033,0.0214535224111738,0.0105153804579695,0.0025735806621816,Transport/Domestic,Above average transport/domestic score
GLS,0.0001950750331515,0.0013204266472719,241.48134187712023,0.0013627156150287,0.0218067346984436,0.0080150692300878,0.0047175846678379,Urban Mainstream,Below average for all emissions scores
GLG,0.0003361418011543,0.0005996350638298,3632.2285714285713,0.001125116214124,0.0101025726317848,0.0113679780087862,7.39070370646195e-05,Public sector,"Well above average public sector (government, education, health), below average in other areas."
NYE,0.0002009820394083,0.0018257285542995,77.21911160880926,0.0016972732358957,0.0366350363484605,0.0148882304267243,0.0118386753573428,Transport/Domestic,Above average transport/domestic score
WOR,0.0001587082762093,0.0013372524857294,343.5209649626651,0.0013685711619937,0.0205488726932686,0.0084529460967037,0.0034961695627952,Urban Mainstream,Below average for all emissions scores
SHF,0.0001814315914588,0.0009278374265268,1601.125,0.0012231611295253,0.0231247875169808,0.0106197947888911,0.0004154762999747,Urban Mainstream,Below average for all emissions scores
WAR,0.0001444310816429,0.0016487324990287,295.5878481012658,0.0014047989039412,0.0207639475417121,0.0110210362111279,0.0024033419706052,Transport/Domestic,Above average transport/domestic score
CON,0.000110644311403,0.0014625133581903,161.72045133991537,0.0012644641190704,0.0230287837377468,0.0153639066516287,0.0112260256892798,Transport/Domestic,Above average transport/domestic score
SMT,0.0001487430264167,0.001613985040088,163.4350724637681,0.0012991185166152,0.0290761858661768,0.0085856437227563,0.0104472843784114,Transport/Domestic,Above average transport/domestic score
ESX,0.0001325105372553,0.0012892044675264,327.0052662375658,0.0014001078437527,0.0117138960012644,0.0118483018309246,0.0045927091344948,Urban Mainstream,Below average for all emissions scores
MAN,0.0003335051103273,0.0009295769353773,4790.870689655172,0.0010321005519176,0.0051261917100987,0.0103173997110065,2.142412081275039e-05,Public sector,"Well above average public sector (government, education, health), below average in other areas."
BUC,0.0001528920308755,0.0011724990947107,349.5591054313099,0.0015685532308835,0.0079477082442835,0.0082717183986445,0.0022327626323198,Urban Mainstream,Below average for all emissions scores
BRD,0.0001530455173777,0.0010544270105518,1481.224043715847,0.0013267030926029,0.0283280630233008,0.0122709987845544,0.0006941095120776,Urban Mainstream,Below average for all emissions scores
DUR,0.0001762039538314,0.0011595861515526,239.50988319856245,0.0015834226748935,0.0304220061748555,0.009016238953774,0.003900644846536,Transport/Domestic,Above average transport/domestic score
EDH,0.0003020387230264,0.0009184693333118,2006.1596958174905,0.0012854128042665,0.006261147049539,0.0092178529066453,0.0002316939490966,Public sector,"Well above average public sector (government, education, health), below average in other areas."
WIL,0.0002022468899295,0.001571619703574,154.86021505376343,0.0013488710734632,0.0210916424393821,0.0102288724154085,0.0081765359171974,Transport/Domestic,Above average transport/domestic score
LIV,0.0002581794320085,0.0011154287320574,4468.517857142857,0.0011525343209057,0.0128240438375783,0.0121978430133284,8.881676290084224e-05,Public sector,"Well above average public sector (government, education, health), below average in other areas."
BST,0.0002673448773711,0.0008297723815034,4235.145454545454,0.0010865968247213,0.00634607617891,0.0097173924359036,0.0001074840741416,Public sector,"Well above average public sector (government, education, health), below average in other areas."
KIR,9.085505504150148e-05,0.0008928091241417,1078.9486552567237,0.0013768053264595,0.0322920696387935,0.0161171585688221,0.0010026006008839,Urban Mainstream,Below average for all emissions scores
WNT,0.0001500293947039,0.0017899375453516,295.3761801016703,0.0013607812546479,0.0141734932861017,0.0122174870781075,0.0027907762315283,Transport/Domestic,Above average transport/domestic score
BNE,0.0001990847698602,0.0008854867732326,4586.287356321839,0.0013172202928318,0.0032219599442326,0.0087935975485248,0.0001222543387522,Urban Mainstream,Below average for all emissions scores
BPC,0.0001402972062858,0.00098172829787,2450.5493827160494,0.0012464076886612,0.0113521374020462,0.0096928399346944,0.0001499008078136,Urban Mainstream,Below average for all emissions scores
CRY,0.0001562796812483,0.000811053501159,4518.174418604651,0.00129188475555,0.0032840809520662,0.0090491343772343,7.016158386032743e-05,Urban Mainstream,Below average for all emissions scores
CHE,0.0001588106829205,0.0015085771656143,331.6183533447684,0.0016756053557717,0.0208676670014917,0.0102314010961126,0.0040525678363643,Transport/Domestic,Above average transport/domestic score
DST,0.0001278677558141,0.0016348880099034,152.46527498996386,0.0013973795080809,0.0151301225466388,0.0106385267809465,0.0116404614605142,Transport/Domestic,Above average transport/domestic score
COV,0.0002266153334707,0.0009151923456577,3832.191919191919,0.0010532140122698,0.0150667596795112,0.008510916034944,0.000114459689682,Public sector,"Well above average public sector (government, education, health), below average in other areas."
FIF,0.0001186110749312,0.0011633382829909,282.3622641509434,0.0015048791965832,0.0494624587043272,0.0092187341988179,0.0039980767077274,Transport/Domestic,Above average transport/domestic score
CRF,0.0002273853271159,0.0013695500140659,2618.45390070922,0.0011992487074554,0.0173074367228571,0.0075549364107137,0.0002218434330396,Urban Mainstream,Below average for all emissions scores
NWM,9.622361775620396e-05,0.0007452688334084,5458.178571428572,0.0007807379336504,0.0162526507401384,0.0216016031477696,8.027306447316356e-06,Urban Mainstream,Below average for all emissions scores
LCE,0.0002002137625924,0.0008718136707352,4849.808219178082,0.0011277955610376,0.0284637821188179,0.0097118843106482,0.0001275600879751,Urban Mainstream,Below average for all emissions scores
WKF,0.0001269969151106,0.0011472270523093,1037.144542772861,0.0013132815763929,0.0322585330712819,0.0190098498076601,0.0006734807905013,Urban Mainstream,Below average for all emissions scores
NNT,8.168093603032719e-05,0.0018953141549022,355.06382978723406,0.0013684480268863,0.0371741419709318,0.0117619266371735,0.0021174555326121,Transport/Domestic,Above average transport/domestic score
CHW,0.0001980168820124,0.0015288678207041,373.720652173913,0.0015007845391858,0.037081767622193,0.0148923189015365,0.0038128167012446,Transport/Domestic,Above average transport/domestic score
ERY,0.0001613728517862,0.0016111109760055,142.7624792013311,0.0016401959199544,0.0362517833874295,0.0143105547997767,0.0124364921248078,Transport/Domestic,Above average transport/domestic score
BFS,0.000600853887234,0.000672295046116,2482.31884057971,0.0017331156726519,0.0195111548812123,0.006118881959152,0.0006464590292758,Public sector,"Well above average public sector (government, education, health), below average in other areas."
NLK,0.000162948465077,0.0011930532920586,725.8297872340426,0.0013889122427398,0.0233000525834618,0.0111869307605086,0.0009461801956456,Urban Mainstream,Below average for all emissions scores
EAL,0.0001343039112013,0.0008947259279041,5458.178571428572,0.0011801169330071,0.0122466888145647,0.0111776804866197,7.290586568030326e-05,Urban Mainstream,Below average for all emissions scores
NGM,0.0004314659978521,0.0010057021378952,4494.64,0.0010701805896026,0.0073004180396169,0.0092211327233769,7.330775964138106e-05,Public sector,"Well above average public sector (government, education, health), below average in other areas."
ENF,0.0001234002646432,0.000894213119825,4118.358024691358,0.0011617622888924,0.0086230639941198,0.0096087834560914,0.0001853786224574,Urban Mainstream,Below average for all emissions scores
BRY,0.0001233838889312,0.0008895979677267,2218.346666666667,0.0014719204364145,0.0030384847222462,0.0083939572262017,0.0002123978456664,Urban Mainstream,Below average for all emissions scores
TWH,0.0002814914461963,0.0007951650904715,5458.178571428572,0.000642253372968,0.00285035073618,0.0096259976732183,1.1187460245051997e-05,Public sector,"Well above average public sector (government, education, health), below average in other areas."
WGN,8.835500771419083e-05,0.0009301978433484,1759.106382978723,0.0012831490525067,0.0313157749540934,0.0139724497243515,0.0004341495911992,Urban Mainstream,Below average for all emissions scores
WND,0.0002581009670313,0.000647086974531,5458.178571428572,0.0011539528517672,0.003497995102997,0.0101417895809006,2.934052074832674e-05,Public sector,"Well above average public sector (government, education, health), below average in other areas."
SAW,0.000119024264712,0.0009806353738213,3826.0697674418607,0.001184673014126,0.0302227023666107,0.0143333729113396,5.555974467255061e-05,Urban Mainstream,Below average for all emissions scores
BEN,0.0002616723113528,0.000685953743233,5458.178571428572,0.0011154807487568,0.0101887698296449,0.0103537659934938,2.1857969628028447e-05,Public sector,"Well above average public sector (government, education, health), below average in other areas."
SHR,0.0001726045915881,0.0016493355803414,101.78761338755083,0.0014311275954302,0.0242296240285548,0.011865875956284,0.0196304665351242,Transport/Domestic,Above average transport/domestic score
WRL,0.0001081538406934,0.0009268940430557,2014.5093167701864,0.0013731734370323,0.0226230503286185,0.0154381421516949,0.0004719162653811,Urban Mainstream,Below average for all emissions scores
NBL,0.0001115073990971,0.0015785251669195,69.83638211382114,0.0016543512197405,0.0440499524843082,0.0091520444651825,0.0182033707474448,Agriculture,"Above average agriculture, domestic score"
DUD,0.0001393987877128,0.0009960397244717,3289.418367346939,0.0012984600512409,0.0218128576219871,0.008682860572977,9.869348565702366e-05,Urban Mainstream,Below average for all emissions scores
LBH,0.0003427879892507,0.0007036871904178,5458.178571428572,0.001069374732689,0.002428936794205,0.0070936998203479,3.794142411694216e-05,Public sector,"Well above average public sector (government, education, health), below average in other areas."
SLK,0.0001431320047035,0.0008686809009519,181.0496613995485,0.0015287077017099,0.0166395416723951,0.0100671999022038,0.0052215488974801,Urban Mainstream,Below average for all emissions scores
SWK,0.0003681355235635,0.0007109823216444,5458.178571428572,0.0008766488249697,0.0014911569113397,0.0074817725685307,1.94288906550424e-05,Public sector,"Well above average public sector (government, education, health), below average in other areas."
DNC,0.0001383565537415,0.0013359163459971,550.6778169014085,0.0013303943366934,0.0311730273705937,0.0207989022563226,0.0019205824742526,Urban Mainstream,Below average for all emissions scores
HIL,0.0001910540395987,0.0015335067589598,2663.9137931034484,0.0011521941651326,0.0041188637089254,0.0117736512812959,0.0001350612799957,Urban Mainstream,Below average for all emissions scores
NET,0.0004105596723307,0.0011499338790232,2715.2566371681414,0.0012398289322758,0.0069108899571332,0.0129279917707707,0.0001668131299863,Public sector,"Well above average public sector (government, education, health), below average in other areas."
RDB,0.0001145970983441,0.0008557370814298,5458.178571428572,0.0011370404252544,0.0047324939061093,0.0069287693685608,7.365697193595022e-05,Urban Mainstream,Below average for all emissions scores
LEW,0.0001243799506784,0.0007971460628339,5458.178571428572,0.0010749873505758,0.0035283005546904,0.0129368174618812,4.1756498219942005e-05,Urban Mainstream,Below average for all emissions scores
SKP,0.0001166307268939,0.0010756557940239,2334.896825396825,0.0014513267889268,0.0155909672072268,0.0085085540221997,0.0020527525414938,Urban Mainstream,Below average for all emissions scores
CBF,0.0001051253700525,0.0012640910086888,410.7486033519553,0.0013373524840764,0.0204657952012678,0.0110547079325802,0.0024359296012055,Urban Mainstream,Below average for all emissions scores
BNH,0.0001908852923651,0.0009010977366471,3514.9156626506024,0.0011387282932968,0.0025159143770342,0.0079559990047177,0.0001833401413466,Urban Mainstream,Below average for all emissions scores
GRE,0.0001787332711295,0.0009326638915755,5458.178571428572,0.0009900921217724,0.0067306875371751,0.0125179287963671,3.675137156371536e-05,Urban Mainstream,Below average for all emissions scores
BOL,0.0001492131219074,0.0011783355839155,2058.9142857142856,0.0013246363099663,0.0174124432499995,0.0106145430222045,0.0003448154730436,Urban Mainstream,Below average for all emissions scores
SGC,0.0001300744868238,0.0012266694468977,579.1066398390342,0.0011806182327797,0.0169661973313664,0.0069858519645749,0.0012977840179653,Urban Mainstream,Below average for all emissions scores
WLL,0.0001208031912175,0.0008421156742168,2756.8846153846152,0.0012303557513646,0.0249760216139405,0.0090568927686079,0.0002576071708846,Urban Mainstream,Below average for all emissions scores
HCK,0.0001879712270652,0.00051058031323,5458.178571428572,0.0008828683681765,0.002667671424838,0.0093085106909732,1.112878150656034e-05,Public sector,"Well above average public sector (government, education, health), below average in other areas."
CMD,0.0007398501924374,0.0004807191090603,5458.178571428572,0.0008615890378986,0.001014274587439,0.0066645219381917,5.377387895710691e-05,Public sector,"Well above average public sector (government, education, health), below average in other areas."
MDW,9.716403842573096e-05,0.0007679197198672,1438.8762886597938,0.0011929128345896,0.0144761856432327,0.0048632581783568,0.0005392396000358,Urban Mainstream,Below average for all emissions scores
SND,0.0001710629322191,0.0011941951517688,2028.0729927007296,0.001409063592455,0.0252554999480915,0.0076264897022991,0.0002055102881518,Urban Mainstream,Below average for all emissions scores
WFT,0.0001009233499593,0.0007137034122763,5458.178571428572,0.0010446609501211,0.0076291424204793,0.008756407796728,4.985352928932238e-05,Urban Mainstream,Below average for all emissions scores
SFT,0.0004110673025436,0.0008226290296496,1757.3184713375797,0.0014492997406045,0.0133441738175256,0.0221959628072313,0.0007524203962476,Public sector,"Well above average public sector (government, education, health), below average in other areas."
CBD,0.000143367225112,0.0012279238166013,91.10092961487383,0.0016436174738405,0.036640965366913,0.0142682308879024,0.0142648945148421,Transport/Domestic,Above average transport/domestic score
HNS,0.0001668364639509,0.0009955589444055,4852.982142857143,0.0010800534690701,0.0034228091756021,0.0078383290146933,4.755419165902661e-05,Urban Mainstream,Below average for all emissions scores
MIK,0.0001663138308433,0.0012372182908385,874.4433656957929,0.0012618548488078,0.0090427504320783,0.0085960700251564,0.0005049596671328,Urban Mainstream,Below average for all emissions scores
WSM,0.000625805572844,0.000960893462143,5458.178571428572,0.0009853684052676,0.0014880100828172,0.008127987954513,7.369850738427726e-05,Public sector,"Well above average public sector (government, education, health), below average in other areas."
HRY,9.180877916718268e-05,0.0006130304333967,5458.178571428572,0.0011363914178968,0.0060817887138164,0.0185525267676119,2.4407865688677537e-05,Urban Mainstream,Below average for all emissions scores
ROT,0.0001619432632777,0.0012140954426374,923.2891986062716,0.0013346265594187,0.0414425388697288,0.0133103844759318,0.0012461084344039,Urban Mainstream,Below average for all emissions scores
WLV,0.000205993093996,0.0010032041279011,3831.985507246377,0.0012567302418027,0.0215385570178699,0.0125952091344854,9.149976116228438e-05,Urban Mainstream,Below average for all emissions scores
PLY,0.0001718285470062,0.0010477569977132,3285.4875,0.0010552799802002,0.0190220929110252,0.0113226325490735,0.0001557443662692,Urban Mainstream,Below average for all emissions scores
SLF,0.0002592196934459,0.0010446550187252,2708.216494845361,0.0011911685616894,0.0085946565625522,0.0116810445542848,0.0001429878389391,Public sector,"Well above average public sector (government, education, health), below average in other areas."
ABD,8.93950481225191e-05,0.00195471053508,69.83638211382114,0.0017920638600551,0.0200839620222887,0.0082971606374123,0.015361030417552,Transport/Domestic,Above average transport/domestic score
HAV,9.598189911544826e-05,0.0009167847348733,2327.241071428572,0.0012701462794242,0.007247501567246,0.0080071894864181,0.0002030022221726,Urban Mainstream,Below average for all emissions scores
KHL,0.0002047132918252,0.0012893749912682,3598.972222222222,0.00123851640579,0.0324239008103858,0.0137598343984428,0.0001133960134044,Urban Mainstream,Below average for all emissions scores
DER,0.0002599304799111,0.0013868247096126,3292.48717948718,0.0012521910905347,0.0179581681733016,0.0094117480277566,0.0001281581298799,Urban Mainstream,Below average for all emissions scores
STE,0.0002172659856775,0.0011573256456995,2759.3763440860216,0.0012850936620654,0.059784493335451,0.0116694453217757,0.0003483536587007,Urban Mainstream,Below average for all emissions scores
STH,0.000252947012792,0.000793481779361,5057.44,0.0009743043867016,0.0082067600756354,0.0076059298866486,5.386632044439679e-05,Public sector,"Well above average public sector (government, education, health), below average in other areas."
HRW,0.0001081047518532,0.0006856495015164,5046.76,0.001319323697326,0.0030331642484465,0.0063984025198847,7.342947633075891e-05,Urban Mainstream,Below average for all emissions scores
ESK,7.936356299663445e-05,0.0013767787398257,198.5511498810468,0.0014239792232147,0.0322503583961256,0.010760159777038,0.0037089223568397,Transport/Domestic,Above average transport/domestic score
BEX,7.171977348720313e-05,0.0009492411220519,4086.901639344262,0.0012097268023203,0.0113411975239562,0.0141679532556013,8.448520654889229e-05,Urban Mainstream,Below average for all emissions scores
ISL,0.0002204379463737,0.0004704963557609,5458.178571428572,0.0009111515100683,0.001180004809477,0.00767269861231,3.068878201294373e-06,Public sector,"Well above average public sector (government, education, health), below average in other areas."
BNS,7.144242265001129e-05,0.0011840695103174,754.0151975683891,0.0013409580052399,0.0373712456036973,0.0284938452013331,0.0015596109648715,Industry/Commerical/Domestic,"Above average for industry/domestic/doemestic, below average public sector emissions."
SWA,0.0002420093763137,0.0011018422997785,652.2830687830688,0.0014015211901546,0.0181648841998469,0.0107680788822157,0.0018351983824842,Urban Mainstream,Below average for all emissions scores
RCT,0.0001428534939009,0.0013004441445235,570.4551886792453,0.0014358441932386,0.0238749143287437,0.0119288369722183,0.0015378889920654,Urban Mainstream,Below average for all emissions scores
OLD,0.0001936833890826,0.0008192889386265,1673.43661971831,0.0012474301788776,0.0190004500936602,0.0112485330215199,0.0002869380051224,Urban Mainstream,Below average for all emissions scores
TRF,7.966223286272968e-05,0.0010632168267351,2241.311320754717,0.0014093667048923,0.0306669797762498,0.016352247937856,8.669023077532322e-05,Urban Mainstream,Below average for all emissions scores
HLD,0.000145770003148,0.0019351526173532,69.83638211382114,0.0017454747554186,0.0288433088506684,0.007828088524127,0.0143167147828378,Transport/Domestic,Above average transport/domestic score
ABE,0.0004483310100255,0.0012235523120971,1231.505376344086,0.0014120369589152,0.0109606455476415,0.01038657851714,0.0005462403998047,Public sector,"Well above average public sector (government, education, health), below average in other areas."
TAM,0.0001410731495863,0.0007862427977769,2205.019417475728,0.0013038718198242,0.0259840585554273,0.0104138638677729,0.000763937764152,Urban Mainstream,Below average for all emissions scores
WAF,0.0001011930382041,0.0017136751750139,69.83638211382114,0.0017545945250467,0.0631309874758758,0.0198882156823744,0.018561211035143,Agriculture,"Above average agriculture, domestic score"
RCH,0.000117074288598,0.0008675568685092,1415.5632911392406,0.0012759600907595,0.0268436948890139,0.011094261014507,0.0005525495061053,Urban Mainstream,Below average for all emissions scores
SWD,0.0001275930088857,0.0012587095041779,969.0478260869564,0.0012146532815204,0.0120232774904044,0.0090238450086077,0.0006291934594353,Urban Mainstream,Below average for all emissions scores
SOL,0.0001322454714376,0.0013371786695507,1221.8370786516855,0.0014176064050079,0.010450585533485,0.0094817661101108,0.0003644418279733,Urban Mainstream,Below average for all emissions scores
ABC,5.731004150952035e-05,0.0018616399257589,162.355754857997,0.0019598804938259,0.2641860182138711,0.0061122509186698,0.0170356519094999,Agriculture,"Above average agriculture, domestic score"
NSM,0.0001051591154873,0.001218241091833,576.4010695187166,0.0012870854122778,0.0267321289920713,0.0100684252597055,0.0033473392014371,Urban Mainstream,Below average for all emissions scores
POR,0.0002269957379836,0.0008364000370788,5367.3,0.001031073868627,0.0129908331225726,0.0128268518877011,6.500196589910154e-05,Public sector,"Well above average public sector (government, education, health), below average in other areas."
BDG,8.976055730552299e-05,0.0008270396584008,5458.178571428572,0.0009009564474871,0.0127377457898975,0.0102804327487305,6.943211228966392e-05,Urban Mainstream,Below average for all emissions scores
LUT,0.0001355160503852,0.0007305187425465,4965.767441860465,0.0011399878405931,0.0105478237465849,0.0076958469316188,5.0022047281719647e-05,Urban Mainstream,Below average for all emissions scores
CLD,0.0001144170015897,0.0010460673362087,580.8763736263736,0.0014799004195873,0.0280919460437779,0.0085201292654647,0.0009811080718751,Urban Mainstream,Below average for all emissions scores
YOR,0.0001408553315342,0.0012378922285761,775.7794117647059,0.0013057063055322,0.0120039109304666,0.0098567796506402,0.0009580560283733,Urban Mainstream,Below average for all emissions scores
WRT,9.768346534698343e-05,0.0011728766190309,1156.889502762431,0.0013498135447803,0.0263813184838383,0.0091554624873723,0.0003015500649435,Urban Mainstream,Below average for all emissions scores
NTY,0.0001592713598084,0.0012170193981767,2547.2073170731705,0.001440926559279,0.019867384302764,0.0138614030790276,0.0001315160279277,Urban Mainstream,Below average for all emissions scores
STN,0.0001331033979883,0.0008008380228645,4720.613636363636,0.001233328127088,0.010361617663217,0.008763626076608,0.000115857538458,Urban Mainstream,Below average for all emissions scores
MRT,0.0001033009307382,0.0007039307370129,5432.973684210527,0.0012672711423542,0.0046753947341091,0.0136335514919661,6.614994939625307e-05,Urban Mainstream,Below average for all emissions scores
PTE,0.0002127125976022,0.0017890775928497,590.7463556851312,0.0012274867547296,0.0117368864185658,0.0122132553391617,0.0010013555604176,Transport/Domestic,Above average transport/domestic score
GAT,0.0002103897909691,0.0017506514942856,1422.1830985915492,0.0013947687402077,0.0297841190123286,0.0100636914494673,0.0002442495897238,Transport/Domestic,Above average transport/domestic score
RIC,0.0001464863912164,0.0008711261107569,3476.157894736842,0.001447064940395,0.0026984837300811,0.006410016815133,8.288524485734653e-05,Urban Mainstream,Below average for all emissions scores
STT,0.0002057886702865,0.0014755019774455,963.019512195122,0.0013674136168303,0.0444023176829709,0.0140721449643379,0.0018561240980635,Transport/Domestic,Above average transport/domestic score
COL,0.0001948219415905,0.0014258714910757,601.219512195122,0.0012516529097857,0.0112054403425954,0.007851664889556,0.0014114569373973,Urban Mainstream,Below average for all emissions scores
BAS,0.0002349547646254,0.0010331031908684,567.5057803468208,0.0012770854959416,0.0079886826862831,0.0088187105458476,0.0027282539711209,Urban Mainstream,Below average for all emissions scores
HEF,9.53905541972094e-05,0.00157310192711,88.81422018348624,0.0014275789065994,0.0364434057148172,0.0106882277323291,0.018231293719473,Transport/Domestic,Above average transport/domestic score
BUR,0.0001314713445071,0.0010795775208849,1926.3434343434344,0.0013948600487329,0.0170806856981859,0.0115308467396112,0.0004157603497105,Urban Mainstream,Below average for all emissions scores
CMN,0.0001081530152546,0.0016809881063366,80.19957805907173,0.0017321129726515,0.0308109175801807,0.0069968125362444,0.0282087143783683,Agriculture,"Above average agriculture, domestic score"
CHA,0.0001826229722543,0.0011690167411622,675.326164874552,0.0013042612077138,0.0321668984585628,0.0098301151600091,0.0035897694776908,Urban Mainstream,Below average for all emissions scores
BAI,0.0001691758432075,0.0013970172750147,1705.0727272727272,0.001236136967671,0.010495649188204,0.0149000721977526,0.0002742812076354,Urban Mainstream,Below average for all emissions scores
WLN,0.0002183396068402,0.0011158001753902,429.4859813084112,0.0014095194203315,0.0251473055659092,0.0098952767785629,0.0018697509178525,Urban Mainstream,Below average for all emissions scores
HMF,0.000392303409115,0.0007442995770466,5458.178571428572,0.0011816970838211,0.0019487956683114,0.0095885892208227,1.0014851930955868e-05,Public sector,"Well above average public sector (government, education, health), below average in other areas."
SOS,0.0001495589679217,0.0007149443483528,4351.738095238095,0.0014016282956341,0.0111988716520732,0.0084123688448353,0.0001536188340883,Urban Mainstream,Below average for all emissions scores
CAY,7.052583680247095e-05,0.0011934501891715,656.0685920577617,0.0014115699337872,0.0361574141610716,0.0073806832957573,0.0016954973292727,Urban Mainstream,Below average for all emissions scores
NMD,4.3497248196559625e-05,0.002155681574669,108.0077288941736,0.0018911778711819,0.0679682241246673,0.0104707679057536,0.0155601236891606,Agriculture,"Above average agriculture, domestic score"
TFW,0.0001906540208862,0.0013489736464539,625.248275862069,0.0012351545597139,0.0354611292780786,0.0088450151913609,0.001439293343789,Urban Mainstream,Below average for all emissions scores
SHN,0.0003673885513915,0.0009133876835844,1331.5808823529412,0.001319611972947,0.0557472996704962,0.0252131939835405,0.0005979256687308,Public sector,"Well above average public sector (government, education, health), below average in other areas."
NEW,4.392057856118977e-05,0.0019390966167462,238.89494680851064,0.0014524280764487,0.0240889251659486,0.0043896766083792,0.002694565569524,Transport/Domestic,Above average transport/domestic score
CHL,0.0001636675187942,0.0018333683878601,529.6430678466077,0.0013838822041612,0.0114847250213522,0.0081241267932771,0.0012283106425899,Transport/Domestic,Above average transport/domestic score
RFW,0.000189997959864,0.0011597280477634,687.3180076628353,0.0013850590576409,0.0144435159298748,0.0135728760401823,0.0018400678460616,Urban Mainstream,Below average for all emissions scores
KTT,0.0001643916786979,0.0011455782683598,4841.675675675676,0.0012101787087448,0.0032095038343178,0.0096673965448969,7.334142354819389e-05,Urban Mainstream,Below average for all emissions scores
HUN,0.0001720677906278,0.0027600867592739,197.55518763796908,0.001396528579224,0.0214395787088758,0.0068531797185521,0.0030687326854278,Transport/Domestic,Above average transport/domestic score
BAN,0.0001262253742547,0.0016108968869427,280.37854889589903,0.001391270078902,0.0112755660976954,0.0095002902425857,0.0020110492820794,Transport/Domestic,Above average transport/domestic score
WSK,0.0002302813521379,0.0019049227240716,171.30628019323672,0.001355059047536,0.0219579742371473,0.0351624785720042,0.0030008129249188,Industry/Commerical/Domestic,"Above average for industry/domestic/doemestic, below average public sector emissions."
THR,6.155959700070148e-05,0.0016542206032415,1070.310975609756,0.0011639353739469,0.0357485210402631,0.0152180609392874,0.0042413243086943,Transport/Domestic,Above average transport/domestic score
BDF,0.0001799788439645,0.0013920317925494,366.98949579831935,0.0013375694348383,0.0124407211088998,0.01145908072516,0.0017114807443604,Urban Mainstream,Below average for all emissions scores
WOK,9.08409157789464e-05,0.0009366551217776,971.7597765363128,0.0014304085756889,0.0042448407103118,0.0069633507703947,0.0004872936720471,Urban Mainstream,Below average for all emissions scores
MAI,0.0001454794625925,0.001040971629942,440.5394402035623,0.0013258699681527,0.014140130318089,0.0083048282001828,0.0027408549751669,Urban Mainstream,Below average for all emissions scores
NLN,6.860888768529069e-05,0.0015153110974363,203.95277449822905,0.0014600008692925,0.0654344411748642,0.0078096987531413,0.0033688255916082,Transport/Domestic,Above average transport/domestic score
CAT,0.0003339394514706,0.0011326402342894,539.6828478964401,0.0012192427355894,0.005539359047235,0.0112607055963158,0.0022257582914348,Public sector,"Well above average public sector (government, education, health), below average in other areas."
WEA,9.963382699434846e-05,0.0017527590996956,195.3577430972389,0.0015616996947356,0.0123482943093419,0.0079069297097847,0.0078891175640671,Transport/Domestic,Above average transport/domestic score
AND,0.0001294849465563,0.001067194146258,286.31802120141344,0.0022080411557836,0.0299441331165982,0.0100799128849768,0.0067909066638791,Agriculture,"Above average agriculture, domestic score"
ARU,9.760419211391237e-05,0.0011193799570305,729.0633484162896,0.0013661170462736,0.0153360351739899,0.0113631284437534,0.0033916302655559,Urban Mainstream,Below average for all emissions scores
SCA,0.0001016141628586,0.0024041231274973,178.38580931263857,0.0014722613133039,0.021360984323628,0.0125772160157134,0.0026187530809629,Transport/Domestic,Above average transport/domestic score
FAL,0.0001866796355652,0.0011234859017747,540.6060606060606,0.0014043813501656,0.022606279282814,0.0069935746221279,0.0018783774618092,Urban Mainstream,Below average for all emissions scores
RDG,0.0002292444570958,0.000626064485662,4008.425,0.0012165297159379,0.0036191219320739,0.0085648926542502,6.841728249614948e-05,Public sector,"Well above average public sector (government, education, health), below average in other areas."
NEL,0.0001424759761208,0.0014301638374438,825.720207253886,0.0014207642126309,0.0937330235589234,0.0133381663494921,0.0008847507543819,Transport/Domestic,Above average transport/domestic score
WBK,0.0002408852879628,0.0016222881937659,225.09232954545453,0.0015194981312469,0.014985185557007,0.004746451545949,0.0017629093831457,Transport/Domestic,Above average transport/domestic score
KEC,0.0003827142027814,0.0008787983654297,5458.178571428572,0.0014256819228499,0.0038499729102395,0.0185272449100146,0.0001030597618982,Public sector,"Well above average public sector (government, education, health), below average in other areas."
FLN,6.033650563676013e-05,0.0019140882756599,356.4704545454546,0.0015116455003978,0.0559176052263217,0.0121210144737867,0.0036852263308278,Transport/Domestic,Above average transport/domestic score
NWP,0.0001017654930962,0.0013116836628055,823.4052631578948,0.0013041922750517,0.0491995810692147,0.011549738612926,0.0014570428144527,Urban Mainstream,Below average for all emissions scores
DAC,0.000161430384845,0.0011934531178585,733.2877358490566,0.001399047906718,0.0072782940752546,0.0141619924174817,0.0009515355296321,Urban Mainstream,Below average for all emissions scores
BRA,9.1043446174682e-05,0.001812318554335,250.1486928104575,0.0013734272112388,0.0204968298751953,0.0062492060732515,0.0022559077725047,Transport/Domestic,Above average transport/domestic score
KWL,0.000119492057918,0.0014651549499704,1752.3218390804598,0.0012359660077749,0.0331618609661413,0.0061471289765588,0.0003906019327416,Urban Mainstream,Below average for all emissions scores
MSS,0.0001282003811869,0.0015456897188043,455.5149700598802,0.0014256772521137,0.0129056246370311,0.0081304770363082,0.0026168742956422,Transport/Domestic,Above average transport/domestic score
PKN,0.0002286476627823,0.0022305286819703,69.83638211382114,0.0016795412059493,0.0092440210744372,0.0097232302830183,0.0116609051283783,Transport/Domestic,Above average transport/domestic score
CHR,0.0001762760855611,0.0017461886366331,257.8030560271647,0.001446407940366,0.0357144691118258,0.0098949415723786,0.0027060696399693,Transport/Domestic,Above average transport/domestic score
EHE,0.0001322792762182,0.0015404320435669,318.8781512605042,0.0014210464274953,0.0131573170652913,0.0121029249458884,0.002656814961755,Transport/Domestic,Above average transport/domestic score
OXO,0.0005901252815124,0.0007134698816308,3295.304347826087,0.001136710062133,0.0097026357482652,0.0123253241313291,0.0001166823176446,Public sector,"Well above average public sector (government, education, health), below average in other areas."
WNM,0.0001625995625145,0.0012377043012858,767.8832487309645,0.001559364000593,0.0038344634982741,0.0092250978054864,0.0004712325011297,Urban Mainstream,Below average for all emissions scores
KIN,8.500768271178899e-05,0.0021048595805844,105.03125,0.0015187736192555,0.0770269666875289,0.0385074401619945,0.0064900775565738,Industry/Commerical/Domestic,"Above average for industry/domestic/doemestic, below average public sector emissions."
STY,0.0001592523367551,0.0009832258996474,2361.453125,0.0013700914086809,0.0152181520023632,0.010470955008913,0.0003903049898169,Urban Mainstream,Below average for all emissions scores
DRS,0.0002673174518382,0.0015047219244142,120.79056754596324,0.0019368898826423,0.0766750302356605,0.0059037844344027,0.0113693754405928,Agriculture,"Above average agriculture, domestic score"
SWL,0.0001052175205974,0.001229140022881,404.8659517426274,0.0012186260835162,0.0448664170181142,0.0120155993434636,0.0040663988702592,Urban Mainstream,Below average for all emissions scores
GRT,0.0002785898110813,0.0019458585244794,554.8044280442805,0.0014151613741461,0.0048110774767245,0.008601970141048,0.0008418297333106,Transport/Domestic,Above average transport/domestic score
BBD,0.0001903834916064,0.0007492926296063,1095.109489051095,0.0013308459239999,0.031188191305666,0.0108022631153961,0.0006312377340208,Urban Mainstream,Below average for all emissions scores
SLG,0.0001978959366938,0.0005391135807315,4532.636363636364,0.00100602504978,0.0084848822531087,0.0231079666025449,5.389502293990733e-05,Public sector,"Well above average public sector (government, education, health), below average in other areas."
SAL,0.0001147421318214,0.0011998525132515,927.4347826086956,0.0015151150762714,0.0057384392072988,0.0095283593846058,0.0008494514772791,Urban Mainstream,Below average for all emissions scores
REI,0.00019860366729,0.0010700077723336,1156.922480620155,0.0015191238284909,0.008540747585946,0.0057965792793726,0.0004259174838315,Urban Mainstream,Below average for all emissions scores
MUL,4.144619491030167e-05,0.002332737554712,81.35062807209175,0.001797531525216,0.0687019503495786,0.0031283648139399,0.0195913934341375,Agriculture,"Above average agriculture, domestic score"
DND,0.0004395607367065,0.0011184478428941,2480.333333333333,0.0012947241884942,0.009769202040607,0.0298583037257096,0.0001494964582691,Public sector,"Well above average public sector (government, education, health), below average in other areas."
DGY,0.0001170580500892,0.0016307599770512,69.83638211382114,0.001706401504253,0.0333211695120564,0.0130883021812558,0.0376818008166646,Agriculture,"Above average agriculture, domestic score"
LAC,0.0002316711529985,0.001168916361669,261.23280423280426,0.0013466355275695,0.0221011925676772,0.0090355250598244,0.0070621434213931,Urban Mainstream,Below average for all emissions scores
EDE,7.979995878572663e-05,0.001377418191022,181.9164619164619,0.001338375030036,0.0101532724168782,0.0085610800188551,0.0096743466701922,Transport/Domestic,Above average transport/domestic score
BGE,0.0001075232451447,0.0011671589067781,587.8047808764941,0.0013769260971582,0.0425344728908381,0.0082138855296514,0.0017215360444644,Urban Mainstream,Below average for all emissions scores
TEN,8.375540518725749e-05,0.0013752833268726,438.5505952380952,0.001434516028405,0.0253708920586152,0.0129811601316241,0.0035834281552069,Transport/Domestic,Above average transport/domestic score
LBC,0.000398948303104,0.0013906193686424,289.4308300395257,0.0020299222866483,0.0427259260974616,0.007576443224842,0.003751131433651,Transport/Domestic,Above average transport/domestic score
HOR,8.648191454671416e-05,0.0015949088809971,274.4792452830189,0.0014770671705794,0.0188068436358545,0.0072601439030984,0.005391851172612,Transport/Domestic,Above average transport/domestic score
CCG,7.67183793632235e-05,0.0023069044365021,72.98237663645519,0.0020952012056898,0.057049575859259,0.0100477749283171,0.0300692349232355,Agriculture,"Above average agriculture, domestic score"
WAW,0.0001709791592934,0.0017424401008381,512.0459363957597,0.0013849953421786,0.0078627532044912,0.0070283144624205,0.0008770745737539,Transport/Domestic,Above average transport/domestic score
NTL,0.0001161495758045,0.0010188506270955,327.40589569161,0.0014396344673723,0.078937307978707,0.0102013916441661,0.0023370102968768,Urban Mainstream,Below average for all emissions scores
PRE,0.0003193237173335,0.0009869046795933,1015.1197183098592,0.00132409146943,0.0154955490446569,0.0152367469675282,0.001359521522699,Public sector,"Well above average public sector (government, education, health), below average in other areas."
SOX,0.0001280557361434,0.0014472355608265,211.75552282768777,0.0015747478698537,0.0156144264379227,0.0122506220411654,0.0049013321435934,Transport/Domestic,Above average transport/domestic score
ANN,0.0001606805474556,0.0014454914521477,251.7618213660245,0.0020155503687377,0.1506373223075854,0.0073376532877703,0.0067380584032195,Agriculture,"Above average agriculture, domestic score"
SKE,0.0001061496303423,0.0018662292625449,151.88229056203605,0.0014203700874425,0.0315099678484306,0.0137757411310814,0.0058107009148325,Transport/Domestic,Above average transport/domestic score
SNO,0.0001415980812043,0.0022326181436007,157.56167400881057,0.0014103446990099,0.0244435023790088,0.007250789185174,0.0103849187162994,Transport/Domestic,Above average transport/domestic score
IOW,0.0001600647092704,0.0007221081746876,374.46315789473687,0.0013482550010013,0.0254360276110733,0.0177321642345952,0.0046109301141434,Urban Mainstream,Below average for all emissions scores
NOW,0.0002807701033292,0.000767041767895,3645.564102564103,0.0011674490264964,0.0117307162072519,0.0096819581842584,0.0001376562675202,Public sector,"Well above average public sector (government, education, health), below average in other areas."
ELI,9.111912432142449e-05,0.001657679483533,80.37917374080362,0.00153389974089,0.0235240316603573,0.0160838919540711,0.0130219809825785,Transport/Domestic,Above average transport/domestic score
THA,0.0001073838364591,0.0008281077498476,1360.173076923077,0.0012941647865821,0.0111735191217888,0.0131965625091387,0.0398827562429184,Agriculture,"Above average agriculture, domestic score"
MDB,0.0002852771726524,0.0017616126511912,2616.3888888888887,0.0013196704332432,0.016351233492641,0.0071805339672275,0.000299348397486,Transport/Domestic,Above average transport/domestic score
BRE,7.650900026739577e-05,0.0021046348937742,108.24137931034484,0.0013848526571262,0.0301151194405819,0.0075870927276247,0.00678401611032,Transport/Domestic,Above average transport/domestic score
MEA,4.0646134164839954e-05,0.0016962993682969,131.6742209631728,0.0020553303241402,0.1397118071003934,0.0040619082816391,0.013845622384854,Agriculture,"Above average agriculture, domestic score"
BPL,0.0002480456180973,0.0009150159857741,3953.742857142857,0.0014912415650014,0.0102304930751992,0.0133270400267685,9.932437618052943e-05,Urban Mainstream,Below average for all emissions scores
VAL,0.000184331614284,0.0021800703256456,238.59861591695503,0.0014288134505302,0.0185010154518952,0.0098764461367132,0.0032336773428675,Transport/Domestic,Above average transport/domestic score
STA,0.0002222189583959,0.0015783342196082,230.53177257525084,0.0014387354798784,0.0141621462237587,0.0101925413069415,0.0078700174884769,Transport/Domestic,Above average transport/domestic score
RCC,8.87065342335242e-05,0.0013122058871705,560.1142857142858,0.0014707101048327,0.1484863333537385,0.0226694437273552,0.0019433541155239,Industry/Commerical/Domestic,"Above average for industry/domestic/doemestic, below average public sector emissions."
ELM,0.0001559442499932,0.0014085217518384,1444.3684210526317,0.0017427236849152,0.0031957814808183,0.0081356782352706,0.0003043805579132,Transport/Domestic,Above average transport/domestic score
TOB,0.0001991524373468,0.0009242727398662,2162.190476190476,0.0012373109704187,0.0116913014548836,0.0205540798727207,0.0006488654089341,Urban Mainstream,Below average for all emissions scores
WRX,0.0001162869787182,0.0014495920423408,269.9503968253968,0.0013940333487855,0.0667389287640125,0.0202994170356449,0.0199618974811222,Agriculture,"Above average agriculture, domestic score"
IPS,0.0001798608573191,0.0007156415694954,3399.475,0.0011963888874895,0.007689082091346,0.006835912045869,0.0001599347089846,Urban Mainstream,Below average for all emissions scores
EAT,9.932183120944546e-05,0.000822044760893,1694.0,0.0012206759719986,0.0113691268587432,0.0077366516742053,0.0013306165015442,Urban Mainstream,Below average for all emissions scores
VGL,0.0001904507887686,0.0013287697840464,408.7462235649547,0.0014048830892754,0.0298606003128535,0.0102039281862281,0.0066719327191962,Transport/Domestic,Above average transport/domestic score
TEI,8.064986114962617e-05,0.0021188076344635,200.3545994065282,0.001261300934632,0.0295968475371057,0.0083525927279008,0.0068608520092453,Transport/Domestic,Above average transport/domestic score
NAY,0.0001150427566492,0.0009679664875157,151.6949152542373,0.0014610041281278,0.076990254094521,0.0428993956268431,0.0054212266514142,Industry/Commerical/Domestic,"Above average for industry/domestic/doemestic, below average public sector emissions."
NHE,8.594967234392729e-05,0.0014006651166884,355.9013333333333,0.001396838773991,0.0181669631656631,0.0070908191755599,0.0016861806522164,Urban Mainstream,Below average for all emissions scores
EXE,0.0003509758959551,0.00052752016638,2836.872340425532,0.0009693639929026,0.0071135901488764,0.0087100507387976,0.0012867555337028,Public sector,"Well above average public sector (government, education, health), below average in other areas."
POW,8.541312579245445e-05,0.0020313165172182,69.83638211382114,0.0018290120677605,0.0273295937721744,0.00775599823401,0.0436316707315563,Agriculture,"Above average agriculture, domestic score"
TON,0.0001113896203912,0.0012324274369042,552.3791666666667,0.0013526620931882,0.0109571989364867,0.0080817582864262,0.0013399606665631,Urban Mainstream,Below average for all emissions scores
STR,0.0001969833762753,0.0019016161791899,135.38036809815952,0.0015630693120122,0.020756260440794,0.0119907187445559,0.0051466670519514,Transport/Domestic,Above average transport/domestic score
EPP,0.000108861709978,0.0011994382909025,389.8967551622419,0.0015460870472342,0.0051775656415862,0.0092554396141829,0.0115309230956553,Transport/Domestic,Above average transport/domestic score
BRO,6.787268193828674e-05,0.0015881861733408,239.0054347826087,0.0014572076502864,0.016641537256499,0.0124869575121754,0.0022732295589294,Transport/Domestic,Above average transport/domestic score
WYC,0.0002022333249304,0.0016151241001901,197.4156626506024,0.001399906785541,0.0348824016583494,0.0123271661881453,0.0069613525387874,Transport/Domestic,Above average transport/domestic score
ASF,0.0001855951097863,0.0011368124630579,225.5043029259897,0.0013654004343238,0.0166418768985132,0.0092903919715259,0.003708221040899,Urban Mainstream,Below average for all emissions scores
NUN,0.0001247110539918,0.0010649666525244,1650.2911392405065,0.0012893898004575,0.0165381229049451,0.0095976553707658,0.0004321171215237,Urban Mainstream,Below average for all emissions scores
HAL,9.138846647348484e-05,0.0014049099425288,1642.518987341772,0.0012196286327285,0.0263618946534489,0.0161806795178174,0.0002043142151689,Urban Mainstream,Below average for all emissions scores
GLO,0.0002142241126697,0.0007698679277073,3163.6341463414637,0.0011626810397759,0.0235416394975884,0.0120065098004028,0.0001499424647756,Urban Mainstream,Below average for all emissions scores
NEC,0.0001192079900127,0.0013418802935004,614.2654028436019,0.0013424806557046,0.0321211675205008,0.0128298350478247,0.0034322488931739,Urban Mainstream,Below average for all emissions scores
AMB,9.931596242173468e-05,0.001408953004268,486.1471698113208,0.0014789276407228,0.0410342140933686,0.0124860622546848,0.0036916413912149,Transport/Domestic,Above average transport/domestic score
ASH,0.0002080829747719,0.0009939494060791,1166.7,0.0013410024406346,0.026036077995152,0.0095980708087686,0.0005683743741265,Urban Mainstream,Below average for all emissions scores
TES,0.0001652634492348,0.0020154992938216,202.4888535031847,0.0014485435759365,0.0175692153361847,0.0124330782057561,0.0044581816770324,Transport/Domestic,Above average transport/domestic score
PEM,4.8226246639943056e-05,0.0014357771459176,78.3380716934487,0.0017142533885903,0.0419543026063699,0.0213052065252701,0.0259979690676022,Agriculture,"Above average agriculture, domestic score"
WAE,0.0002133638299215,0.0016718120584422,366.8289855072464,0.0017010274419961,0.0050179500898433,0.0074535443047042,0.0021186805282494,Transport/Domestic,Above average transport/domestic score
HAA,8.531815502514375e-05,0.0009269850285602,2256.053571428572,0.0012514413005369,0.0120201505976261,0.0062088044550639,0.0003305151115605,Urban Mainstream,Below average for all emissions scores
WIN,0.0002582619414087,0.0017328776477437,190.5068078668684,0.0014727346741687,0.0070782803315503,0.0071754201842623,0.002962165787379,Transport/Domestic,Above average transport/domestic score
GWN,0.0002007238673885,0.0015902136855793,69.83638211382114,0.0015863926549894,0.021963305169523,0.0094414855319372,0.0154818777894686,Transport/Domestic,Above average transport/domestic score
CAB,0.0007652501586596,0.0006527025861103,3050.317073170732,0.0012293714831905,0.0034376820669428,0.011502263067572,0.0003687164456681,Public sector,"Well above average public sector (government, education, health), below average in other areas."
BRC,0.0001950490914093,0.0009820200519747,1139.1284403669724,0.0012746437293809,0.002505411177765,0.0123373557089517,0.0005488198235228,Urban Mainstream,Below average for all emissions scores
WEW,0.000249516071255,0.0010009361934576,953.0230769230768,0.0012683462726117,0.0111211636619333,0.0130563294834567,0.0004431755418364,Urban Mainstream,Below average for all emissions scores
EHA,0.0001205607344116,0.0020195849252141,240.92996108949416,0.0015510810139463,0.0146073733185191,0.0075574987343737,0.0035386140634569,Transport/Domestic,Above average transport/domestic score
NEA,4.228834613080854e-05,0.0024996191105875,189.13517665130567,0.0015056689429631,0.0602295732376033,0.0091393652362243,0.0056713624803147,Transport/Domestic,Above average transport/domestic score
EAY,0.0001609005759821,0.0013990223533598,96.35499207606972,0.0015237310344071,0.0278742575110553,0.008704038384869,0.0204099814719198,Agriculture,"Above average agriculture, domestic score"
CHI,0.0002266912795072,0.0020404544249105,154.59033078880407,0.0016173772765157,0.0299489643467774,0.0098018783460544,0.0114021387406465,Transport/Domestic,Above average transport/domestic score
RUS,0.0001600588967338,0.0017715246946914,296.86063569682153,0.0015130415145856,0.0102204290011437,0.028188102978305,0.0032676394302436,Industry/Commerical/Domestic,"Above average for industry/domestic/doemestic, below average public sector emissions."
SEV,0.0001182390178098,0.0011614593048983,328.9620596205962,0.0016274368989285,0.0065425240964744,0.0056370707645131,0.0020538553512115,Urban Mainstream,Below average for all emissions scores
EST,0.0001584330004407,0.0016035467289963,312.4625322997416,0.0013549886988009,0.0299584768091529,0.0190576672845204,0.0044010742960499,Transport/Domestic,Above average transport/domestic score
STO,0.0001840994760733,0.0012345719969165,262.26247288503254,0.0014075916724124,0.0269823435554846,0.0052618400290706,0.008866768293638,Transport/Domestic,Above average transport/domestic score
TUN,0.0001611849770296,0.0011570419160079,359.3323262839879,0.0014937360112179,0.0052875641636768,0.0110058560391269,0.0035643948316181,Urban Mainstream,Below average for all emissions scores
CHO,0.0001834776107019,0.0009672669891367,585.5665024630542,0.0014292126398853,0.0214203699204377,0.0090339399189033,0.0027039122008429,Urban Mainstream,Below average for all emissions scores
DOV,7.984228142177262e-05,0.0011200803015963,376.2349206349206,0.0012861762577881,0.0129771576099894,0.018648734835757,0.0028145134196697,Urban Mainstream,Below average for all emissions scores
BAE,7.195231296377879e-05,0.0022785048462014,185.39184952978056,0.001445524784026,0.0464352237726367,0.0077610126594981,0.0048577537025155,Transport/Domestic,Above average transport/domestic score
GED,0.000118177399634,0.0007865856652833,985.325,0.0014748708211651,0.033088068896982,0.0155733207873113,0.0014173881875604,Urban Mainstream,Below average for all emissions scores
CWY,0.0001390582982557,0.0017137994200617,104.95914742451154,0.0015125617670499,0.010014039658783,0.0124360466516423,0.0081130743123038,Transport/Domestic,Above average transport/domestic score
NKE,0.0002195378151378,0.0016430737719431,128.14425162689804,0.0014220855648836,0.0190688804449207,0.0069766791514614,0.0102020190149976,Transport/Domestic,Above average transport/domestic score
FMO,8.693045371346626e-05,0.0030230047538196,69.83638211382114,0.0020610813493021,0.0472379584486091,0.0041737857539256,0.0358982479237776,Agriculture,"Above average agriculture, domestic score"
FAR,0.0001231660288854,0.0009139385002609,1572.1351351351352,0.0012649765408773,0.012855144225857,0.0076426886318377,0.0005389885125054,Urban Mainstream,Below average for all emissions scores
CHT,0.0004330643214441,0.0006876174228026,2469.0,0.0013361921683341,0.008660978635758,0.0076588528862491,0.0003249804539107,Public sector,"Well above average public sector (government, education, health), below average in other areas."
ANS,0.0001410502396798,0.0016253672915307,69.83638211382114,0.0016158809946644,0.03365508992647,0.0114455803772071,0.0129046155667918,Transport/Domestic,Above average transport/domestic score
ERE,0.0001649998014314,0.0009994458385701,1048.4727272727273,0.0013815128737883,0.030875692438056,0.011416094383557,0.0013741297357351,Urban Mainstream,Below average for all emissions scores
SCB,0.000134916519188,0.0017009327884257,69.83638211382114,0.0017515132085337,0.0303838064971623,0.0081441273395447,0.0317268842571672,Agriculture,"Above average agriculture, domestic score"
BRT,9.543711939115527e-05,0.0010713141548808,1432.8375,0.0013762469483655,0.0243298086047088,0.0225827635210808,0.0006900233638049,Urban Mainstream,Below average for all emissions scores
WLA,0.0002118854632222,0.0012352910957331,329.9596541786743,0.0014844756651978,0.0386236272458457,0.0092627718174459,0.0154033260050473,Transport/Domestic,Above average transport/domestic score
DAR,0.0001024567425267,0.0015821317585851,1562.342465753425,0.0011922603955227,0.0069683126816425,0.0113132942827567,0.0003064164501797,Urban Mainstream,Below average for all emissions scores
HIN,6.238210727098349e-05,0.0013207985301809,382.71380471380473,0.001438750065066,0.0264502350301982,0.0109643701127545,0.0029708827187279,Urban Mainstream,Below average for all emissions scores
SHE,0.0002213555411387,0.0010282930840478,317.42296918767505,0.0013489894788055,0.0102443195290877,0.0096613148507068,0.0030198464095257,Urban Mainstream,Below average for all emissions scores
WYR,7.655851703736082e-05,0.0011447112016951,400.9468085106383,0.0015262288813848,0.0510519433545251,0.0170926978722837,0.0057722312773671,Transport/Domestic,Above average transport/domestic score
CRW,0.0001026356434416,0.0012958339510356,2499.4222222222224,0.0011290823607925,0.0103708026120159,0.012878616737765,7.078502911058621e-05,Urban Mainstream,Below average for all emissions scores
SST,0.0001755825377214,0.0015005352338211,276.09090909090907,0.0014044864819002,0.043937108875537,0.0082732070441683,0.0063109218333289,Transport/Domestic,Above average transport/domestic score
SAY,0.0001179548238155,0.0015514175543683,91.76759410801964,0.0016104328523314,0.0378139086800302,0.0140989492549911,0.0113400376667434,Transport/Domestic,Above average transport/domestic score
WOX,0.0002545994589437,0.0015774165534109,156.52380952380952,0.0015672055552934,0.023086153783631,0.0075442140531823,0.0056785708770716,Transport/Domestic,Above average transport/domestic score
SRI,6.001909219436564e-05,0.0011961090518572,983.0619469026548,0.0013929145558585,0.0471757331881106,0.0081556678119208,0.0010735035363376,Urban Mainstream,Below average for all emissions scores
WOT,0.0001418136490877,0.0007140681896565,3355.3636363636365,0.0012436591271733,0.007878671072453,0.003923172877583,0.0001109254169884,Urban Mainstream,Below average for all emissions scores
RUG,0.0001188323686985,0.0016988760139374,315.24216524216524,0.0013617295294137,0.0368161173268074,0.0169720535039064,0.0033112600110814,Transport/Domestic,Above average transport/domestic score
SDE,0.0001158608933298,0.0022211036939377,324.0118343195266,0.0013318739164037,0.0298083330080626,0.0075922391298594,0.0067679864077484,Transport/Domestic,Above average transport/domestic score
MAS,9.245179412729002e-05,0.0009197315047808,1420.142857142857,0.0014459733701905,0.0226996586637214,0.0170002409332897,0.0006462484938072,Urban Mainstream,Below average for all emissions scores
EDU,0.0001286555104508,0.0009336597435156,625.0,0.0016114731667317,0.0109253734262386,0.0158649018667625,0.0016523779783901,Urban Mainstream,Below average for all emissions scores
ELN,0.0002108487436199,0.0015231792772583,158.9101620029455,0.0014702030750101,0.0264704116361576,0.0090320977386517,0.0059802001952988,Transport/Domestic,Above average transport/domestic score
DAL,0.0001694835172121,0.0012350979182781,545.1878172588832,0.0015059494843222,0.0388037178912594,0.0076258688412175,0.0018450521712946,Transport/Domestic,Above average transport/domestic score
GRA,6.799236853587274e-05,0.001324349511929,1079.6969696969695,0.0012345867573912,0.031818935738543,0.0157669146072534,0.0013036796233822,Urban Mainstream,Below average for all emissions scores
LIF,0.0001550671967951,0.0021630804741415,319.1450151057402,0.0014769894824338,0.0193316853308056,0.0084454309105731,0.0034162074879852,Transport/Domestic,Above average transport/domestic score
HER,0.0001779101627256,0.0010708634614751,1044.2673267326732,0.0015273534339452,0.0112825921561822,0.0092416241111329,0.0003547467432458,Urban Mainstream,Below average for all emissions scores
NNO,0.0001194925032312,0.0017202948529153,108.86853002070391,0.0015997881397982,0.0319345709339802,0.0164662629030753,0.0100139092904001,Transport/Domestic,Above average transport/domestic score
CHS,0.0001923648003685,0.0009896629213412,1589.8484848484848,0.0013656624395172,0.0219688305626866,0.0159345998460074,0.0004944741977793,Urban Mainstream,Below average for all emissions scores
MSU,0.0001299300868613,0.0020975868674737,120.38691159586682,0.0014187701290966,0.0348859583062567,0.0090188123430655,0.0058364001892264,Transport/Domestic,Above average transport/domestic score
NWL,0.0002505151389024,0.002360837879482,375.6594982078853,0.0014326731282252,0.0617026335347329,0.0110259061636322,0.0020857420887043,Transport/Domestic,Above average transport/domestic score
LEE,0.0001142035658786,0.0014081500396512,354.53767123287673,0.0013692924524322,0.0101613472596711,0.0077709070994905,0.0039399156622754,Urban Mainstream,Below average for all emissions scores
EAS,0.0002611056813911,0.0007165148865583,2348.2727272727275,0.001173305221911,0.0048822215286883,0.0143970239267006,0.0003898282456757,Public sector,"Well above average public sector (government, education, health), below average in other areas."
NED,8.756562646112688e-05,0.001355543718607,370.3478260869565,0.0014845214238811,0.0356078583047693,0.0085513187812586,0.0039752619262732,Transport/Domestic,Above average transport/domestic score
FEN,7.518373259591656e-05,0.0015591909655284,186.95970695970692,0.0013981156077055,0.076962432995665,0.0126763886375297,0.0048593462295926,Transport/Domestic,Above average transport/domestic score
BLA,6.792300831710321e-05,0.0010611642403838,784.2307692307693,0.0013959081947239,0.0099086813760078,0.0083684641135481,0.0010368908259024,Urban Mainstream,Below average for all emissions scores
CAN,6.440883510382295e-05,0.0008478278144778,1284.607594936709,0.001340342793216,0.0265164819223204,0.0106787692100854,0.0004543783969523,Urban Mainstream,Below average for all emissions scores
WYE,0.0001115838235097,0.0011913548194633,518.6615384615385,0.0013502041809541,0.0302165758433177,0.0122693296371444,0.0024193137571424,Urban Mainstream,Below average for all emissions scores
BRM,0.000133065270187,0.0015508488418709,463.4516129032258,0.0014793423914046,0.0074360580274153,0.0063939356904094,0.0018600620014791,Transport/Domestic,Above average transport/domestic score
WOC,0.0002572144235148,0.0008791877879504,3038.333333333333,0.0012096867625532,0.0111642635303217,0.0069997728130226,0.0001694877609777,Public sector,"Well above average public sector (government, education, health), below average in other areas."
LIC,0.0003506071568198,0.0005804076995619,2779.1388888888887,0.0011815854667199,0.0113846515624484,0.0116395839238102,0.0001533862513845,Public sector,"Well above average public sector (government, education, health), below average in other areas."
WOI,0.00012528998907,0.0008595636309006,1562.625,0.0014387344255812,0.0236540854748938,0.0111484879403874,0.0003603213981159,Urban Mainstream,Below average for all emissions scores
SPE,0.000130070830011,0.0009619319042319,2219.4,0.0013482091759735,0.0065579331399484,0.0069996685218791,0.0001930382045555,Urban Mainstream,Below average for all emissions scores
GRY,0.0001232982882029,0.0011508499122222,570.1034482758621,0.0013228410806309,0.0107903764303496,0.0113666534268163,0.0017393157876442,Urban Mainstream,Below average for all emissions scores
STF,7.675312786007184e-05,0.001500657099545,170.88020833333334,0.0015317722511785,0.0477665976443951,0.0270412595225372,0.0139700207628644,Industry/Commerical/Domestic,"Above average for industry/domestic/doemestic, below average public sector emissions."
NDE,0.0001075258093563,0.0015953924842538,90.39594843462248,0.0013305436677106,0.0242824395364641,0.0085788200170846,0.0218584417078813,Transport/Domestic,Above average transport/domestic score
HAT,0.0001960074931106,0.0011209113901423,453.9906976744186,0.0015255867365848,0.0060541909467152,0.0115717016545199,0.0016028669758183,Urban Mainstream,Below average for all emissions scores
BRX,6.969200895735464e-05,0.0011549789632534,1913.5686274509803,0.001274925873207,0.0153239671780835,0.0124410371598506,0.0006188749654852,Urban Mainstream,Below average for all emissions scores
ROH,6.263728188286617e-05,0.0015689464012904,190.01178781925344,0.0015666099373508,0.0259725665567667,0.0228715915493631,0.009880587544971,Transport/Domestic,Above average transport/domestic score
DEN,0.0002394068890349,0.0014899778395021,115.48864994026285,0.0015654326226193,0.0220083349086733,0.0088674510816563,0.0108433583677602,Transport/Domestic,Above average transport/domestic score
TEW,8.306282286841902e-05,0.0016647333659367,233.3913043478261,0.0012768614694794,0.0265504547591875,0.00996554852557,0.0050789398937875,Transport/Domestic,Above average transport/domestic score
WAT,0.0001767483729397,0.0007864392622652,4601.095238095239,0.0012462204041806,0.0028419949746643,0.0094352973101836,3.444790429200455e-05,Urban Mainstream,Below average for all emissions scores
WLI,0.0001304410811076,0.0018774290104188,83.20588235294117,0.0015084451751989,0.0300173886586161,0.0092549587059983,0.013601549622091,Transport/Domestic,Above average transport/domestic score
ERW,0.0001483684978537,0.0010154796938255,552.0689655172414,0.0015773890150604,0.0037340811497729,0.0105224542802959,0.0038076321737695,Urban Mainstream,Below average for all emissions scores
SHO,4.8320651301854725e-05,0.001628241765272,127.80933333333331,0.0014301464597872,0.0291788125945072,0.0126192985170766,0.0110890007248501,Transport/Domestic,Above average transport/domestic score
MRY,0.0003040050259806,0.0013765628040279,69.83638211382114,0.0016343325660336,0.0909315768192358,0.0124053624991317,0.0167869966891779,Agriculture,"Above average agriculture, domestic score"
HAO,9.048772911538156e-05,0.0015200712102434,161.38006756756758,0.0015300241603483,0.0122010613513548,0.0113322555944791,0.0084300083201709,Transport/Domestic,Above average transport/domestic score
MON,0.0001069270313917,0.0020307122294466,112.08951707891636,0.0015847237001103,0.0249425575889829,0.0177039702375474,0.0140402908251487,Transport/Domestic,Above average transport/domestic score
TOF,0.0001545754838319,0.0013188263713711,752.6349206349206,0.001344844377975,0.0421278366420164,0.0170796690456088,0.0010213160491267,Urban Mainstream,Below average for all emissions scores
RUH,0.0001937402764377,0.0010410282572704,2420.1794871794878,0.0012247776202145,0.0063839301258761,0.0074951429328673,7.522772814950777e-05,Urban Mainstream,Below average for all emissions scores
STG,0.0001664820983957,0.0016767650828936,69.83638211382114,0.0015406088268871,0.0471679761264932,0.0091901942720242,0.007136631908494,Transport/Domestic,Above average transport/domestic score
THE,0.0001907653701492,0.0010039790539093,1055.797752808989,0.0015534714013796,0.0037755694031399,0.0060446581063242,0.0004764773955964,Urban Mainstream,Below average for all emissions scores
HPL,0.0001362107454487,0.001299743538188,998.2553191489362,0.0013810587126126,0.0691628001042476,0.0143633416512866,0.0010046064178748,Transport/Domestic,Above average transport/domestic score
MLN,0.0001838355981665,0.0012702134321907,263.135593220339,0.0014087642097808,0.0145329535843678,0.0135854699143195,0.0049575759562837,Urban Mainstream,Below average for all emissions scores
UTT,0.0001830134845802,0.0023068996138121,144.70982839313572,0.0015043856949115,0.0092234179058778,0.0111158992398903,0.0034744527235111,Transport/Domestic,Above average transport/domestic score
BAB,5.946306244271735e-05,0.0020367541895885,156.1195286195286,0.0014791392683421,0.0320683416360566,0.0079603536887924,0.0083576447530137,Transport/Domestic,Above average transport/domestic score
HIG,0.0001089958688673,0.0014106025000251,171.860853432282,0.001554106951789,0.1327416636354054,0.0128085976797582,0.006147887921292,Agriculture,"Above average agriculture, domestic score"
HAS,0.000140249284328,0.0006881238128492,3085.133333333333,0.0012296622046144,0.0083175107744665,0.0108053383169338,0.0002352492140782,Urban Mainstream,Below average for all emissions scores
PEN,8.004706123360644e-05,0.0011316300913439,545.2366863905326,0.0014671696534492,0.0322008056575593,0.0076873168828324,0.0028323556370288,Urban Mainstream,Below average for all emissions scores
CAS,8.098797901577431e-05,0.001072818856201,2011.6444444444444,0.00143913235778,0.0140107084008773,0.0112513175417356,0.0004961271306838,Urban Mainstream,Below average for all emissions scores
RUN,0.0003895959435709,0.0012032485736373,1158.0384615384614,0.0013455663455136,0.0021075297939946,0.0047797975395811,0.0016523096431683,Public sector,"Well above average public sector (government, education, health), below average in other areas."
COT,0.0001185886805698,0.002621776501341,77.47982832618025,0.0016780034088579,0.0124979213795284,0.0069057984152644,0.0073084651186873,Transport/Domestic,Above average transport/domestic score
ECA,0.0001023074209842,0.0023552793178315,138.51305683563749,0.0014237422398621,0.0221794955061817,0.0089900565879849,0.0055579556624188,Transport/Domestic,Above average transport/domestic score
BUN,0.0001959076711373,0.0011519412119348,804.9009009009009,0.0014351655868928,0.021654972106909,0.0152394047703743,0.0008285228913099,Urban Mainstream,Below average for all emissions scores
SUR,0.000164881703186,0.0013312417957563,938.9894736842106,0.001579677098221,0.0133127335580558,0.0089871117593208,0.0004835087480803,Transport/Domestic,Above average transport/domestic score
TAN,0.000143271161647,0.0012657608414647,357.0241935483871,0.0016738873678324,0.0069027241248694,0.0093571462024355,0.0033083940444133,Transport/Domestic,Above average transport/domestic score
WDU,0.0003880756446583,0.0012584840192453,555.5974842767296,0.0013311826328072,0.0141286323740054,0.009856403954664,0.001562553718476,Public sector,"Well above average public sector (government, education, health), below average in other areas."
STV,0.0002512237247761,0.0009303107532273,3388.6153846153848,0.0011457138241378,0.0142694086073998,0.0186150003287687,7.27430799003939e-05,Public sector,"Well above average public sector (government, education, health), below average in other areas."
SHA,3.30977779821948e-05,0.0020250305735554,99.1499436302142,0.0014414857535531,0.0183317322451175,0.0207798188998818,0.0142763588358282,Transport/Domestic,Above average transport/domestic score
ROC,7.632924867888291e-05,0.0010521113116913,524.7125748502993,0.0014172811783488,0.011847304082928,0.0100961842072729,0.0021120002132823,Urban Mainstream,Below average for all emissions scores
MOL,0.0002002567577994,0.001525654218706,339.32945736434107,0.0017293655323563,0.0090810701629546,0.0069155729230498,0.0013884462192904,Transport/Domestic,Above average transport/domestic score
HAR,0.0001573620646498,0.0008690011034517,2815.483870967742,0.0012108761463187,0.0242442307798691,0.0113826592967795,0.0001322490538427,Urban Mainstream,Below average for all emissions scores
FOE,6.825641669932173e-05,0.0013719982887137,165.60266159695817,0.0014021490545657,0.045376728208273,0.0050057799141088,0.0083905262202982,Transport/Domestic,Above average transport/domestic score
RED,0.0001079986126893,0.0009371946753958,1584.5925925925926,0.001247293129701,0.0239141479823676,0.0067254861781744,0.0005996045616879,Urban Mainstream,Below average for all emissions scores
AGB,0.0001790597580255,0.0016947527543523,69.83638211382114,0.001696226613945,0.0216313479138694,0.0141994976217579,0.0167111384810922,Transport/Domestic,Above average transport/domestic score
GOS,0.0001524390867525,0.0006899529368859,3387.16,0.0010705532409856,0.0168347818313168,0.011746992055514,0.0002203711503095,Urban Mainstream,Below average for all emissions scores
MDE,5.889110360448333e-05,0.0016057772511652,91.22672508214676,0.0012655709970002,0.0384275112980094,0.0103327442804814,0.0222430882098675,Agriculture,"Above average agriculture, domestic score"
BOS,0.0001010714013878,0.001117680386089,508.15625,0.0014491483175076,0.0312888628910159,0.0094649614025481,0.0028537307080629,Urban Mainstream,Below average for all emissions scores
FYL,0.0001573944585892,0.0014774713049013,489.22289156626505,0.0016305724107702,0.0279131284956832,0.0055416369014122,0.0022690987652077,Transport/Domestic,Above average transport/domestic score
HYN,8.750470978253363e-05,0.0011689750997361,1111.4109589041095,0.0014094727219362,0.0419515185243434,0.0113605219427023,0.0011798204073478,Urban Mainstream,Below average for all emissions scores
EPS,0.0001904049426674,0.000817383563397,2382.4411764705883,0.0014641500894797,0.0020306607001572,0.0062834137192416,0.0002354852223,Urban Mainstream,Below average for all emissions scores
MAV,0.0001096426287324,0.001803112553137,137.68630849220105,0.0015311733449478,0.0195629908564343,0.0060546490500871,0.0103844511370054,Transport/Domestic,Above average transport/domestic score
BRW,0.0001275107089997,0.0021987200910855,504.8496732026144,0.0016322223989197,0.0077045530182334,0.004466213182964,0.0016859820102301,Transport/Domestic,Above average transport/domestic score
IVC,0.0001977634385951,0.0012315503164001,481.625,0.0014495846371344,0.0223230735061037,0.0100463669831955,0.016206708969672,Transport/Domestic,Above average transport/domestic score
TAW,5.399558033434089e-05,0.000881980338822,2479.483870967742,0.0012504798696957,0.0179461341831873,0.0075215912511436,0.0001536869609949,Urban Mainstream,Below average for all emissions scores
CGN,0.0001187823259234,0.0017157714423073,69.83638211382114,0.0019081959054638,0.0222579643175055,0.0089004449648095,0.0436371128775047,Agriculture,"Above average agriculture, domestic score"
DEB,8.920603887049306e-05,0.0026932003781008,91.4419191919192,0.0017119819109118,0.0465427866515215,0.0125427598858249,0.0180433846386595,Agriculture,"Above average agriculture, domestic score"
ROS,8.268940895328925e-05,0.001632539020517,517.6231884057971,0.0015317308705306,0.0599843690856791,0.0084991638746965,0.001965661830286,Transport/Domestic,Above average transport/domestic score
BOT,9.69212214565352e-05,0.0013879262718141,194.6071428571429,0.0013395861872386,0.0211806432484646,0.0092068248599268,0.0058631417599426,Urban Mainstream,Below average for all emissions scores
AGY,0.0001595424461717,0.0014747906981878,98.93258426966293,0.0017622059336112,0.0230395345949905,0.013631037261958,0.0261844432882829,Agriculture,"Above average agriculture, domestic score"
BGW,8.152285098589951e-05,0.0009796355117385,642.3853211009174,0.001509014732823,0.0751628721054812,0.0090254485433522,0.0003199075025726,Urban Mainstream,Below average for all emissions scores
TOR,5.260212567049748e-05,0.0013933562233298,69.83638211382114,0.0013314097211558,0.025357821789864,0.0075355609733811,0.0377246188046463,Agriculture,"Above average agriculture, domestic score"
NWA,5.672073594105597e-05,0.0018396570782948,230.4647887323944,0.0014311732408898,0.0357924736307242,0.0131229671239679,0.0016787534563773,Transport/Domestic,Above average transport/domestic score
MAL,4.549587542547258e-05,0.0010567036992441,182.68435754189943,0.0014838058990862,0.0368476399038192,0.0077592459750462,0.0059166729819711,Urban Mainstream,Below average for all emissions scores
ADU,9.597648253725004e-05,0.0012313875942123,1528.2619047619048,0.0012184270650345,0.0131344674951259,0.00956271759989,0.001038761599973,Urban Mainstream,Below average for all emissions scores
RIB,7.151409893296296e-05,0.0014043772236853,106.39108061749572,0.0017016611369495,0.0534732518845341,0.0049309785219959,0.0115154441143528,Agriculture,"Above average agriculture, domestic score"
MTY,0.0001268013364442,0.0009368585680386,544.3603603603603,0.0014776630595108,0.040067051107838,0.0101174085751051,0.0013366113503098,Urban Mainstream,Below average for all emissions scores
OAD,0.000120048387598,0.0005770846808847,2388.0416666666665,0.0014137707744742,0.0250883976551179,0.0092586540468652,0.0003694659933949,Urban Mainstream,Below average for all emissions scores
WDE,5.212187963456239e-05,0.0020038754820901,69.83638211382114,0.0014231066217285,0.0468430882357277,0.0081814677288028,0.0381861645857887,Agriculture,"Above average agriculture, domestic score"
MEL,6.43955060949568e-05,0.0012947406138844,106.84823284823284,0.0015412423103993,0.0407784910200455,0.0086270216639004,0.0104735580595568,Transport/Domestic,Above average transport/domestic score
CLK,0.000106872967101,0.0007920562076121,322.57861635220127,0.0014500521214422,0.0592249402047868,0.0832530283914899,0.003542963734822,Industry/Commerical/Domestic,"Above average for industry/domestic/doemestic, below average public sector emissions."
RUT,0.0002115596804401,0.0017625775571441,105.95811518324608,0.0015986530970371,0.0710838196370615,0.0147336430775412,0.0096312552714363,Transport/Domestic,Above average transport/domestic score
ELS,4.576055822719471e-05,0.0005282606549865,69.83638211382114,0.0021438828367028,0.0204843159446548,0.0068307523582736,0.015936704668896,Agriculture,"Above average agriculture, domestic score"
ZET,4.1928845411693934e-05,0.0005630946307283,69.83638211382114,0.0014897998153477,0.0232517063331953,0.0044413466287493,0.0222110360836957,Agriculture,"Above average agriculture, domestic score"
ORK,3.434159709282882e-05,0.0003738169003074,69.83638211382114,0.0016234367387898,0.0119271199182066,0.0060203015677615,0.0541954254860459,Agriculture,"Above average agriculture, domestic score"
LND,0.000725155688613,0.0007386140532225,3646.0,0.0009353487032603,0.000636571579532,0.0047669384761552,8.546513666619525e-06,City of London,City of London does not have a comparable emissions profile
IOS,1.8328574716496332e-06,3.466422661527722e-05,139.125,0.0009891712454226,0.0033675295723319,0.0174632935955252,0.0027546918213548,Urban Mainstream,Below average for all emissions scores
